date,close,high,low,open,volume,adjClose,adjHigh,adjLow,adjOpen,adjVolume,divCash,splitFactor
2022-08-09T00:00:00.000Z,24.3259,25.1,24.15,25.1,6595,15.5328862879,16.0271745681,15.4205683594,16.0271745681,6595,0.0,1.0
2022-08-10T00:00:00.000Z,25.4376,25.4376,24.48,25.32,2629,16.2427432588,16.2427432588,15.6312842003,16.1676517954,2629,0.0,1.0
2022-08-11T00:00:00.000Z,24.5623,25.5,24.5623,25.5,1422,15.683835454,16.2825877087,15.683835454,16.2825877087,1422,0.0,1.0
2022-08-12T00:00:00.000Z,25.98,26.0,24.5,24.5,4228,16.5890834773,16.6018541343,15.6440548574,15.6440548574,4228,0.0,1.0
2022-08-15T00:00:00.000Z,27.02,27.38,26.28,26.28,27469,17.2531576427,17.4830294692,16.7806433327,16.7806433327,27469,0.0,1.0
2022-08-16T00:00:00.000Z,26.7191,27.41,26.7191,27.2,7041,17.0610231077,17.5021854547,17.0610231077,17.3680935559,7041,0.0,1.0
2022-08-17T00:00:00.000Z,26.4008,26.7,26.1674,26.23,3272,16.8577781011,17.0488271303,16.7087445336,16.7487166901,3272,0.0,1.0
2022-08-18T00:00:00.000Z,26.2648,26.5733,26.2648,26.5733,1046,16.7709376334,16.967925018,16.7709376334,16.967925018,1046,0.0,1.0
2022-08-19T00:00:00.000Z,25.5978,25.5978,25.234,25.45,3242,16.3450362215,16.3450362215,16.1127379702,16.2506610661,3242,0.0,1.0
2022-08-22T00:00:00.000Z,24.875,25.12,24.55,25.12,26574,15.8835046766,16.0399452252,15.6759814999,16.0399452252,26574,0.0,1.0
2022-08-23T00:00:00.000Z,25.5434,25.5434,24.96,24.99,8306,16.3103000344,16.3103000344,15.937779969,15.9569359545,8306,0.0,1.0
2022-08-24T00:00:00.000Z,25.5731,26.18,25.5731,25.75,4100,16.3292644601,16.7167900476,16.3292644601,16.4422209215,4100,0.0,1.0
2022-08-25T00:00:00.000Z,25.4793,26.33,25.01,26.33,42172,16.2693700787,16.8125699753,15.9697066115,16.8125699753,42172,0.0,1.0
2022-08-26T00:00:00.000Z,24.6633,25.97,24.6633,25.68,38012,15.748327272,16.5826981488,15.748327272,16.3975236219,38012,0.0,1.0
2022-08-29T00:00:00.000Z,24.26,24.45,24.04,24.04,3603,15.490806973,15.6121282148,15.3503297457,15.3503297457,3603,0.0,1.0
2022-08-30T00:00:00.000Z,23.5022,24.6,23.09,24.6,3946,15.0069267783,15.7079081425,14.743723537,15.7079081425,3946,0.0,1.0
2022-08-31T00:00:00.000Z,23.3246,23.79,23.05,23.67,11438,14.8935233439,15.1906965329,14.7181822229,15.1140725908,11438,0.0,1.0
2022-09-01T00:00:00.000Z,23.4469,23.4469,22.43,22.9267,2863,14.9716159116,14.9716159116,14.3222918551,14.6394511224,2863,0.0,1.0
2022-09-02T00:00:00.000Z,22.6552,23.96,22.6552,23.96,1008,14.4660894532,15.2992471176,14.4660894532,15.2992471176,1008,0.0,1.0
2022-09-06T00:00:00.000Z,23.1353,23.21,22.75,22.75,5460,14.7726490752,14.8203474792,14.5266223675,14.5266223675,5460,0.0,1.0
2022-09-07T00:00:00.000Z,24.0794,24.0794,23.5662,23.5998,6524,15.3754879401,15.3754879401,15.0477928808,15.0692475846,6524,0.0,1.0
2022-09-08T00:00:00.000Z,24.6717,24.6717,23.7399,23.7399,409,15.7536909479,15.7536909479,15.1587060371,15.1587060371,409,0.0,1.0
2022-09-09T00:00:00.000Z,25.79,25.86,25.1301,25.16,16107,16.4677622356,16.5124595352,16.046394407,16.0654865392,16107,0.0,1.0
2022-09-12T00:00:00.000Z,26.3085,26.35,25.91,25.94,4743,16.798841519,16.8253406323,16.5443861777,16.5635421633,4743,0.0,1.0
2022-09-13T00:00:00.000Z,25.0185,25.3,24.9,25.04,7876,15.9751341408,16.1548811384,15.8994679979,15.9888625971,7876,0.0,1.0
2022-09-14T00:00:00.000Z,26.1222,26.4001,25.4,25.4,3013,16.6798828488,16.8573311282,16.2187344235,16.2187344235,3013,0.0,1.0
2022-09-15T00:00:00.000Z,26.2388,26.7912,26.1,26.1,5138,16.7543357792,17.1070613263,16.6657074195,16.6657074195,5138,0.0,1.0
2022-09-16T00:00:00.000Z,26.1,26.1,25.36,25.72,14558,16.6657074195,16.6657074195,16.1931931095,16.423064936,14558,0.0,1.0
2022-09-19T00:00:00.000Z,26.7816,26.7816,26.44,26.7,1461,17.1009314109,17.1009314109,16.8828085889,17.0488271303,1461,0.0,1.0
2022-09-20T00:00:00.000Z,26.7191,27.05,26.62,26.62,1224,17.0610231077,17.2723136282,16.9977445022,16.9977445022,1224,0.0,1.0
2022-09-21T00:00:00.000Z,25.9409,27.11,25.9409,26.61,5675,16.5641168428,17.3106255993,16.5641168428,16.9913591736,5675,0.0,1.0
2022-09-22T00:00:00.000Z,24.6138,25.8,24.49,25.8,8796,15.7167198958,16.4741475641,15.6376695288,16.4741475641,8796,0.0,1.0
2022-09-23T00:00:00.000Z,23.09,23.91,23.06,23.91,27909,14.743723537,15.2673204751,14.7245675515,15.2673204751,27909,0.0,1.0
2022-09-26T00:00:00.000Z,23.2327,23.52,23.205,23.205,1341,14.8348421749,15.0182926631,14.8171548149,14.8171548149,1341,0.0,1.0
2022-09-27T00:00:00.000Z,23.9415,24.45,23.45,24.39,20449,15.2874342599,15.6121282148,14.9735953635,15.5738162437,20449,0.0,1.0
2022-09-28T00:00:00.000Z,24.4,24.51,23.58,23.81,6425,15.5802015722,15.6504401859,15.0566046341,15.2034671899,6425,0.0,1.0
2022-09-29T00:00:00.000Z,22.33,23.93,22.33,23.93,3930,14.25843857,15.2800911321,14.25843857,15.2800911321,3930,0.0,1.0
2022-09-30T00:00:00.000Z,22.08,22.52,21.9,22.09,3000,14.0988053572,14.3797598117,13.9838694439,14.1051906857,3000,0.0,1.0
2022-10-03T00:00:00.000Z,19.62,20.85,19.62,20.85,4667,12.5280145429,13.31340995,12.5280145429,13.31340995,4667,0.0,1.0
2022-10-04T00:00:00.000Z,20.35,21.08,19.67,20.51,6363,12.9941435244,13.4602725058,12.5599411855,13.0963087806,6363,0.0,1.0
2022-10-05T00:00:00.000Z,19.4385,19.92,18.79,19.92,2809,12.4121208304,12.7195743983,11.9980322763,12.7195743983,2809,0.0,1.0
2022-10-06T00:00:00.000Z,19.2098,19.85,19.0901,19.85,3222,12.2660883673,12.6748770987,12.189655985,12.6748770987,3222,0.0,1.0
2022-10-07T00:00:00.000Z,17.64,18.51,17.64,18.51,2694,11.2637194973,11.8192430779,11.2637194973,11.8192430779,2694,0.0,1.0
2022-10-10T00:00:00.000Z,17.6723,17.68,17.36,17.46,599,11.2843441084,11.2892608113,11.0849302989,11.1487835841,599,0.0,1.0
2022-10-11T00:00:00.000Z,17.0158,17.7899,16.96,17.49,27407,10.8651472915,11.3594355717,10.8295171584,11.1679395696,27407,0.0,1.0
2022-10-12T00:00:00.000Z,17.13,17.13,16.67,16.99,3011,10.9380677431,10.9380677431,10.6443426315,10.8486731439,3011,0.0,1.0
2022-10-13T00:00:00.000Z,17.5388,17.63,16.29,16.29,10575,11.1990999727,11.2573341688,10.401700148,10.401700148,10575,0.0,1.0
2022-10-14T00:00:00.000Z,15.8512,17.61,15.85,17.61,8573,10.1215119329,11.2445635118,10.1207456934,11.2445635118,8573,0.0,1.0
2022-10-17T00:00:00.000Z,17.2245,17.36,16.7327,16.7327,6898,10.9984090976,11.0849302989,10.6843786413,10.6843786413,6898,0.0,1.0
2022-10-18T00:00:00.000Z,17.3,18.19,17.1501,18.19,7478,11.0466183278,11.6149125655,10.9509022534,11.6149125655,7478,0.0,1.0
2022-10-19T00:00:00.000Z,17.51,17.51,17.17,17.17,4967,11.1807102266,11.1807102266,10.9636090572,10.9636090572,4967,0.0,1.0
2022-10-20T00:00:00.000Z,16.0913,16.8,15.58,16.22,26474,10.2748236705,10.7273519022,9.9483418236,10.3570028484,26474,0.0,1.0
2022-10-21T00:00:00.000Z,16.72,16.72,15.93,15.93,7328,10.6762692741,10.6762692741,10.1718283215,10.1718283215,7328,0.0,1.0
2022-10-24T00:00:00.000Z,16.41,16.42,15.38,15.82,4853,10.4783240902,10.4847094187,9.8206352533,10.1015897079,4853,0.0,1.0
2022-10-25T00:00:00.000Z,17.4863,17.65,16.5699,16.57,14181,11.165576998,11.2701048258,10.5804254931,10.5804893464,14181,0.0,1.0
2022-10-26T00:00:00.000Z,17.6963,18.09,17.2,17.2,17175,11.2996688968,11.5510592804,10.9827650427,10.9827650427,17175,0.0,1.0
2022-10-27T00:00:00.000Z,17.7372,18.36,17.64,18.15,24758,11.3257848904,11.7234631502,11.2637194973,11.5893712515,24758,0.0,1.0
2022-10-28T00:00:00.000Z,18.0586,18.0586,17.12,17.74,3517,11.5310093489,11.5310093489,10.9316824146,11.3275727824,3517,0.0,1.0
2022-10-31T00:00:00.000Z,17.95,18.01,17.6,17.85,11105,11.4616646812,11.4999766523,11.2381781832,11.3978113961,11105,0.0,1.0
2022-11-01T00:00:00.000Z,18.0209,18.88,18.0209,18.76,19147,11.5069366604,12.0555002329,11.5069366604,11.9788762908,19147,0.0,1.0
2022-11-02T00:00:00.000Z,16.8,16.8,16.8,16.8,1020,10.7273519022,10.7273519022,10.7273519022,10.7273519022,1020,0.0,1.0
2022-11-03T00:00:00.000Z,16.7932,17.01,16.3,16.51,4359,10.7230098788,10.861443801,10.4080854765,10.5421773753,4359,0.0,1.0
2022-11-04T00:00:00.000Z,15.99,17.38,15.81,17.38,2642,10.2101402926,11.097700956,10.0952043794,11.097700956,2642,0.0,1.0
2022-11-07T00:00:00.000Z,15.0078,16.08,15.0,16.08,8599,9.5829733261,10.2676082492,9.5779927698,10.2676082492,8599,0.0,1.0
2022-11-08T00:00:00.000Z,14.4513,14.8,14.1592,14.66,8601,9.2276297943,9.4502861995,9.0411143484,9.3608916004,8601,0.0,1.0
2022-11-09T00:00:00.000Z,13.14,14.5501,13.11,14.55,7605,8.3903216664,9.29071684,8.3711656808,9.2906529867,7605,0.0,1.0
2022-11-10T00:00:00.000Z,14.34,14.34,13.45,13.82,12512,9.1565610879,9.1565610879,8.5882668503,8.8245240053,12512,0.0,1.0
2022-11-11T00:00:00.000Z,14.81,14.83,13.86,13.86,12824,9.4566715281,9.4694421851,8.8500653193,8.8500653193,12824,0.0,1.0
2022-11-14T00:00:00.000Z,14.34,14.75,14.2,14.51,4729,9.1565610879,9.418359557,9.0671664888,9.2651116727,4729,0.0,1.0
2022-11-15T00:00:00.000Z,14.67,15.26,14.62,14.92,32848,9.3672769289,9.7440113112,9.3353502863,9.5269101417,32848,0.0,1.0
2022-11-16T00:00:00.000Z,14.0,14.38,13.88,14.38,3387,8.9394599185,9.182102402,8.8628359763,9.182102402,3387,0.0,1.0
2022-11-17T00:00:00.000Z,13.59,13.81,13.4601,13.81,3117,8.6776614494,8.8181386767,8.5947160321,8.8181386767,3117,0.0,1.0
2022-11-18T00:00:00.000Z,13.31,13.33,13.07,13.31,2649,8.4988722511,8.5116429081,8.3456243668,8.4988722511,2649,0.0,1.0
2022-11-21T00:00:00.000Z,12.204,12.97,12.2,12.97,8072,7.7926549175,8.2817710816,7.7901007861,8.2817710816,8072,0.0,1.0
2022-11-22T00:00:00.000Z,12.3837,12.3837,12.16,12.3,3657,7.9073992709,7.9073992709,7.7645594721,7.8539540712,3657,0.0,1.0
2022-11-23T00:00:00.000Z,13.5746,13.58,12.66,12.66,4272,8.6678280435,8.6712761209,8.0838258977,8.0838258977,4272,0.0,1.0
2022-11-25T00:00:00.000Z,13.5221,13.65,13.38,13.5,58100,8.6343050688,8.7159734205,8.5435695507,8.6201934928,58100,0.0,1.0
2022-11-28T00:00:00.000Z,13.5416,14.02,13.17,13.17,5114,8.6467564594,8.9522305755,8.4094776519,8.4094776519,5114,0.0,1.0
2022-11-29T00:00:00.000Z,13.34,13.54,13.34,13.5,1420,8.5180282366,8.6457348069,8.5180282366,8.6201934928,1420,0.0,1.0
2022-11-30T00:00:00.000Z,14.53,14.53,13.46,13.64,6649,9.2778823297,9.2778823297,8.5946521788,8.709588092,6649,0.0,1.0
2022-12-01T00:00:00.000Z,14.59,14.97,14.4402,14.8969,14132,9.3161943008,9.5588367843,9.2205420796,9.5121600328,14132,0.0,1.0
2022-12-02T00:00:00.000Z,14.65,14.65,14.42,14.4999,3214,9.3545062718,9.3545062718,9.207643716,9.2586624909,3214,0.0,1.0
2022-12-05T00:00:00.000Z,13.44,14.23,13.36,14.23,5204,8.5818815217,9.0863224743,8.5307988936,9.0863224743,5204,0.0,1.0
2022-12-06T00:00:00.000Z,13.25,13.26,12.89,13.22,8876,8.46056028,8.4669456085,8.2306884535,8.4414042945,8876,0.0,1.0
2022-12-07T00:00:00.000Z,12.67,13.05,12.6,13.05,3109,8.0902112262,8.3328537097,8.0455139266,8.3328537097,3109,0.0,1.0
2022-12-08T00:00:00.000Z,12.6,12.71,12.3,12.36,7797,8.0455139266,8.1157525403,7.8539540712,7.8922660423,7797,0.0,1.0
2022-12-09T00:00:00.000Z,13.1,13.44,12.68,12.68,53494,8.3647803523,8.5818815217,8.0965965547,8.0965965547,53494,0.0,1.0
2022-12-12T00:00:00.000Z,12.07,12.82,12.07,12.82,16279,7.7070915154,8.1859911539,7.7070915154,8.1859911539,16279,0.0,1.0
2022-12-13T00:00:00.000Z,11.49,12.67,11.15,12.67,57794,7.3367424617,8.0902112262,7.1196412922,8.0902112262,57794,0.0,1.0
2022-12-14T00:00:00.000Z,11.1052,11.44,11.0,11.36,17727,7.0910350205,7.3048158191,7.0238613645,7.253733191,17727,0.0,1.0
2022-12-15T00:00:00.000Z,11.1753,11.4,10.87,10.87,11944,7.1357961734,7.2792745051,6.9408520939,6.9408520939,11944,0.0,1.0
2022-12-16T00:00:00.000Z,10.5251,11.46,10.52,11.414,12501,6.7206221134,7.3175864761,6.7173655959,7.288213965,12501,0.0,1.0
2022-12-19T00:00:00.000Z,10.4848,10.88,10.193,10.81,22020,6.6948892395,6.9472374224,6.5085653535,6.9025401228,22020,0.0,1.0
2022-12-20T00:00:00.000Z,9.4369,10.3216,9.4,10.09,27109,6.0257706646,6.5906806782,6.0022088024,6.4427964698,27109,0.0,1.0
2022-12-21T00:00:00.000Z,9.4206,9.63,9.3,9.58,44672,6.0153625792,6.1490713582,5.9383555173,6.1171447157,44672,0.0,1.0
2022-12-22T00:00:00.000Z,8.37,9.26,8.165,9.24,44754,5.3445199656,5.9128142032,5.213620731,5.9000435462,44754,0.0,1.0
2022-12-23T00:00:00.000Z,8.2052,8.6284,8.0201,8.39,28063,5.2392897517,5.5095168543,5.1210973209,5.3572906226,28063,0.0,1.0
2022-12-27T00:00:00.000Z,7.06,7.7999,6.9801,7.7999,59796,4.5080419303,4.980492387,4.4570231555,4.980492387,59796,0.0,1.0
2022-12-28T00:00:00.000Z,7.2726,7.56,6.9391,7.2,107235,4.6437940145,4.827308356,4.4308433086,4.5974365295,107235,0.0,1.0
2022-12-29T00:00:00.000Z,7.9953,8.09,7.69,7.9,74441,5.1052617062,5.1657307672,4.9103176267,5.0444095254,74441,0.0,1.0
2022-12-30T00:00:00.000Z,8.1303,8.21,7.88,7.88,29953,5.1914636411,5.2423547093,5.0316388684,5.0316388684,29953,0.0,1.0
2023-01-03T00:00:00.000Z,6.885,7.65,6.64,7.65,46813,4.3962986813,4.8847763126,4.2398581328,4.8847763126,46813,0.0,1.0
2023-01-04T00:00:00.000Z,7.314,7.34,6.88,6.96,19606,4.6702292746,4.6868311287,4.3931060171,4.4441886452,19606,0.0,1.0
2023-01-05T00:00:00.000Z,7.07,7.1,6.84,7.03,16279,4.5144272588,4.5335832444,4.367564703,4.4888859448,16279,0.0,1.0
2023-01-06T00:00:00.000Z,7.25,7.28,6.4,6.55,59812,4.6293631721,4.6485191576,4.0866102485,4.1823901762,59812,0.0,1.0
2023-01-09T00:00:00.000Z,7.81,8.0765,7.64,7.67,19448,4.9869415688,5.1571105737,4.8783909841,4.8975469696,19448,0.0,1.0
2023-01-10T00:00:00.000Z,7.73,8.04,7.455,7.9,50329,4.9358589407,5.1338041246,4.7602624066,5.0444095254,50329,0.0,1.0
2023-01-11T00:00:00.000Z,8.0663,8.2602,7.91,7.97,293067,5.1505975386,5.2744090585,5.0507948539,5.089106825,293067,0.0,1.0
2023-01-12T00:00:00.000Z,8.1,8.14,7.7,8.03,39048,5.1721160957,5.1976574098,4.9167029552,5.1274187961,39048,0.0,1.0
2023-01-13T00:00:00.000Z,8.0058,8.0058,7.48,7.54,38198,5.1119663011,5.1119663011,4.7762257279,4.814537699,38198,0.0,1.0
2023-01-17T00:00:00.000Z,8.7695,8.819,8.25,8.25,140396,5.5996138397,5.6312212158,5.2678960234,5.2678960234,140396,0.0,1.0
2023-01-18T00:00:00.000Z,8.52,9.17,8.39,9.17,172689,5.4402998933,5.8553462466,5.3572906226,5.8553462466,172689,0.0,1.0
2023-01-19T00:00:00.000Z,8.38,8.5901,8.21,8.38,67060,5.3509052941,5.4850610461,5.2423547093,5.3509052941,67060,0.0,1.0
2023-01-20T00:00:00.000Z,8.88,8.89,8.4,8.48,89065,5.6701717197,5.6765570482,5.3636759511,5.4147585792,89065,0.0,1.0
2023-01-23T00:00:00.000Z,9.7522,9.865,8.99,9.09,94012,6.2271000726,6.2991265783,5.7404103334,5.8042636185,94012,0.0,1.0
2023-01-24T00:00:00.000Z,9.7478,9.9423,9.6,9.68,49201,6.2242905281,6.3484851677,6.1299153727,6.1809980008,49201,0.0,1.0
2023-01-25T00:00:00.000Z,9.81,9.9401,9.295,9.57,98227,6.2640072715,6.3470803954,5.935162853,6.1107593871,98227,0.0,1.0
2023-01-26T00:00:00.000Z,11.13,11.1658,10.69,11.11,149492,7.1068706352,7.1297301113,6.8259161806,7.0940999782,149492,0.0,1.0
2023-01-27T00:00:00.000Z,12.6689,12.9,11.211,11.33,291584,8.0895088401,8.237073782,7.1585917962,7.2345772055,291584,0.0,1.0
2023-01-30T00:00:00.000Z,11.68,12.82,11.645,12.67,163786,7.4580637034,8.1859911539,7.4357150536,8.0902112262,163786,0.0,1.0
2023-01-31T00:00:00.000Z,12.24,12.285,11.35,11.45,77822,7.8156421002,7.8443760785,7.2473478625,7.3112011476,77822,0.0,1.0
2023-02-01T00:00:00.000Z,12.96,13.145,12.029,12.28,236907,8.2753857531,8.3935143306,7.6809116685,7.8411834142,236907,0.0,1.0
2023-02-02T00:00:00.000Z,13.57,14.2498,13.1999,13.49,408176,8.6648907924,9.0989654247,8.4285697841,8.6138081643,408176,0.0,1.0
2023-02-03T00:00:00.000Z,13.74,14.52,13.2,13.32,478897,8.7734413771,9.2714970012,8.4286336374,8.5052575796,478897,0.0,1.0
2023-02-06T00:00:00.000Z,14.1543,14.35,13.73,14.02,194595,9.0379855374,9.1629464165,8.7670560486,8.9522305755,194595,0.0,1.0
2023-02-07T00:00:00.000Z,14.335,14.37,13.68,14.32,260829,9.1533684237,9.1757170735,8.7351294061,9.1437904309,260829,0.0,1.0
2023-02-08T00:00:00.000Z,14.7246,14.88,14.18,14.27,261220,9.4021408226,9.5013688277,9.0543958317,9.1118637883,261220,0.0,1.0
2023-02-09T00:00:00.000Z,15.2891,15.8922,15.075,15.32,269133,9.7625926171,10.1476917798,9.6258827337,9.7823232822,269133,0.0,1.0
2023-02-10T00:00:00.000Z,14.32,15.14,13.95,14.84,168273,9.1437904309,9.667387369,8.9075332759,9.4758275136,168273,0.0,1.0
2023-02-13T00:00:00.000Z,14.09,14.24,13.56,14.07,81382,8.9969278751,9.0927078028,8.6585054639,8.9841572181,81382,0.0,1.0
2023-02-14T00:00:00.000Z,15.4159,15.46,13.74,13.82,169214,9.8435585827,9.8717178814,8.7734413771,8.8245240053,169214,0.0,1.0
2023-02-15T00:00:00.000Z,15.8546,15.9,15.17,15.66,164773,10.1236829445,10.152672336,9.6865433545,9.9994244517,164773,0.0,1.0
2023-02-16T00:00:00.000Z,14.7564,16.19,14.7564,15.54,238434,9.4224461672,10.3378468629,9.4224461672,9.9228005095,238434,0.0,1.0
2023-02-17T00:00:00.000Z,15.3,15.31,14.36,14.55,161837,9.7695526252,9.7759379537,9.169331745,9.2906529867,161837,0.0,1.0
2023-02-21T00:00:00.000Z,14.31,15.3904,14.31,14.98,77254,9.1374051024,9.827275995,9.1374051024,9.5652221128,77254,0.0,1.0
2023-02-22T00:00:00.000Z,14.61,14.64,13.82,14.331,89162,9.3289649578,9.3481209433,8.8245240053,9.1508142923,89162,0.0,1.0
2023-02-23T00:00:00.000Z,14.75,14.97,14.24,14.93,169979,9.418359557,9.5588367843,9.0927078028,9.5332954702,169979,0.0,1.0
2023-02-24T00:00:00.000Z,14.24,14.28,13.94,14.17,53555,9.0927078028,9.1182491169,8.9011479474,9.0480105032,53555,0.0,1.0
2023-02-27T00:00:00.000Z,15.23,15.35,14.67,14.74,77458,9.7248553256,9.8014792678,9.3672769289,9.4119742285,77458,0.0,1.0
2023-02-28T00:00:00.000Z,15.0786,15.49,14.9965,15.49,77734,9.6281814519,9.890873867,9.5757579048,9.890873867,77734,0.0,1.0
2023-03-01T00:00:00.000Z,14.79,15.14,14.4014,15.06,190710,9.443900871,9.667387369,9.195767005,9.6163047409,190710,0.0,1.0
2023-03-02T00:00:00.000Z,13.71,13.85,13.29,13.32,73480,8.7542853916,8.8436799908,8.4861015941,8.5052575796,73480,0.0,1.0
2023-03-03T00:00:00.000Z,14.3213,14.5283,13.92,14.04,37935,9.1446205236,9.2767968238,8.8883772904,8.9650012325,37935,0.0,1.0
2023-03-06T00:00:00.000Z,13.9508,14.38,13.8197,14.38,69041,8.9080441022,9.182102402,8.8243324454,9.182102402,69041,0.0,1.0
2023-03-07T00:00:00.000Z,13.39,13.9456,13.2706,13.71,55325,8.5499548792,8.9047237314,8.4737140567,8.7542853916,55325,0.0,1.0
2023-03-08T00:00:00.000Z,12.88,13.24,12.71,13.12,109240,8.224303125,8.4541749515,8.1157525403,8.3775510093,109240,0.0,1.0
2023-03-09T00:00:00.000Z,12.09,13.15,12.07,12.74,130218,7.7198621725,8.3967069949,7.7070915154,8.1349085258,130218,0.0,1.0
2023-03-10T00:00:00.000Z,12.1199,12.519,11.718,12.22,60843,7.7389543047,7.9937927657,7.4823279518,7.8028714431,60843,0.0,1.0
2023-03-13T00:00:00.000Z,12.19,12.4,11.3,11.6,123319,7.7837154576,7.9178073564,7.2154212199,7.4069810753,123319,0.0,1.0
2023-03-14T00:00:00.000Z,12.98,13.0,12.49,12.49,109695,8.2881564101,8.3009270672,7.975275313,7.975275313,109695,0.0,1.0
2023-03-15T00:00:00.000Z,12.71,12.86,12.4386,12.75,166606,8.1157525403,8.211532468,7.9424547244,8.1412938543,166606,0.0,1.0
2023-03-16T00:00:00.000Z,13.04,13.15,12.57,12.69,77049,8.3264683812,8.3967069949,8.0263579411,8.1029818833,77049,0.0,1.0
2023-03-17T00:00:00.000Z,12.6659,13.15,12.47,13.08,61211,8.0875932415,8.3967069949,7.962504656,8.3520096953,61211,0.0,1.0
2023-03-20T00:00:00.000Z,12.93,13.1799,12.36,12.51,79738,8.2562297676,8.4157991271,7.8922660423,7.98804597,79738,0.0,1.0
2023-03-21T00:00:00.000Z,14.22,14.22,13.39,13.4,96458,9.0799371458,9.0799371458,8.5499548792,8.5563402077,96458,0.0,1.0
2023-03-22T00:00:00.000Z,13.62,14.45,13.62,14.37,115051,8.696817435,9.2267997016,8.696817435,9.1757170735,115051,0.0,1.0
2023-03-23T00:00:00.000Z,13.73,14.34,13.4,14.01,126870,8.7670560486,9.1565610879,8.5563402077,8.945845247,126870,0.0,1.0
2023-03-24T00:00:00.000Z,13.5241,13.71,13.285,13.67,80731,8.6355821345,8.7542853916,8.4829089298,8.7287440776,80731,0.0,1.0
2023-03-27T00:00:00.000Z,13.68,14.1509,13.53,13.9,77946,8.7351294061,9.0358145258,8.6393494784,8.8756066334,77946,0.0,1.0
2023-03-28T00:00:00.000Z,13.43,13.68,13.1,13.67,72570,8.5754961932,8.7351294061,8.3647803523,8.7287440776,72570,0.0,1.0
2023-03-29T00:00:00.000Z,13.85,13.96,13.49,13.79,53896,8.8436799908,8.9139186044,8.6138081643,8.8053680197,53896,0.0,1.0
2023-03-30T00:00:00.000Z,13.98,14.12,13.91,14.02,34133,8.9266892615,9.0160838606,8.8819919619,8.9522305755,34133,0.0,1.0
2023-03-31T00:00:00.000Z,15.06,15.08,14.15,14.15,73710,9.6163047409,9.6290753979,9.0352398462,9.0352398462,73710,0.0,1.0
2023-04-03T00:00:00.000Z,13.9,14.58,13.67,14.34,253571,8.8756066334,9.3098089723,8.7287440776,9.1565610879,253571,0.0,1.0
2023-04-04T00:00:00.000Z,13.74,14.25,13.56,14.14,57711,8.7734413771,9.0990931313,8.6585054639,9.0288545177,57711,0.0,1.0
2023-04-05T00:00:00.000Z,13.085,13.52,12.93,13.52,90116,8.3552023595,8.6329641499,8.2562297676,8.6329641499,90116,0.0,1.0
2023-04-06T00:00:00.000Z,13.0474,13.135,12.58,12.88,37838,8.3311935243,8.3871290021,8.0327432696,8.224303125,37838,0.0,1.0
2023-04-10T00:00:00.000Z,12.97,13.009,12.25,12.58,74883,8.2817710816,8.3066738628,7.8220274287,8.0327432696,74883,0.0,1.0
2023-04-11T00:00:00.000Z,13.16,13.3892,13.118,13.15,43494,8.4030923234,8.5494440529,8.3762739436,8.3967069949,43494,0.0,1.0
2023-04-12T00:00:00.000Z,12.63,13.56,12.6001,13.5,39939,8.0646699122,8.6585054639,8.0455777799,8.6201934928,39939,0.0,1.0
2023-04-13T00:00:00.000Z,13.1,13.12,12.68,12.81,50682,8.3647803523,8.3775510093,8.0965965547,8.1796058254,50682,0.0,1.0
2023-04-14T00:00:00.000Z,12.9936,13.04,12.75,12.89,20484,8.2968404569,8.3264683812,8.1412938543,8.2306884535,20484,0.0,1.0
2023-04-17T00:00:00.000Z,13.18,13.37,12.81,13.14,41798,8.4158629804,8.5371842222,8.1796058254,8.3903216664,41798,0.0,1.0
2023-04-18T00:00:00.000Z,12.9446,13.22,12.88,13.18,90815,8.2655523472,8.4414042945,8.224303125,8.4158629804,90815,0.0,1.0
2023-04-19T00:00:00.000Z,12.58,12.85,12.36,12.48,59938,8.0327432696,8.2051471395,7.8922660423,7.9688899845,59938,0.0,1.0
2023-04-20T00:00:00.000Z,11.05,11.62,10.85,11.32,177504,7.0557880071,7.4197517323,6.9280814368,7.2281918769,177504,0.0,1.0
2023-04-21T00:00:00.000Z,11.2156,11.28,10.91,11.21,51785,7.1615290473,7.2026505629,6.9663934079,7.1579532633,51785,0.0,1.0
2023-04-24T00:00:00.000Z,11.02,11.26,10.724,11.18,139401,7.0366320216,7.1898799059,6.8476262976,7.1387972778,139401,0.0,1.0
2023-04-25T00:00:00.000Z,10.85,11.06,10.68,10.78,75375,6.9280814368,7.0621733356,6.8195308521,6.8833841372,75375,0.0,1.0
2023-04-26T00:00:00.000Z,10.26,10.81,10.23,10.81,77434,6.5513470546,6.9025401228,6.532191069,6.9025401228,77434,0.0,1.0
2023-04-27T00:00:00.000Z,10.7772,10.78,10.14,10.15,118354,6.8815962453,6.8833841372,6.4747231124,6.4811084409,118354,0.0,1.0
2023-04-28T00:00:00.000Z,11.14,11.16,10.6,10.67,32852,7.1132559637,7.1260266207,6.768448224,6.8131455236,32852,0.0,1.0
2023-05-01T00:00:00.000Z,10.92,11.03,10.69,11.03,128945,6.9727787364,7.0430173501,6.8259161806,7.0430173501,128945,0.0,1.0
2023-05-02T00:00:00.000Z,10.81,11.22,10.7,10.95,44406,6.9025401228,7.1643385918,6.8323015091,6.991934722,44406,0.0,1.0
2023-05-03T00:00:00.000Z,10.83,11.17,10.8,10.8,90704,6.9153107798,7.1324119493,6.8961547943,6.8961547943,90704,0.0,1.0
2023-05-04T00:00:00.000Z,10.88,11.01,10.79,10.99,47936,6.9472374224,7.030246693,6.8897694657,7.017476036,47936,0.0,1.0
2023-05-05T00:00:00.000Z,11.6,11.668,11.09,11.1,54375,7.4069810753,7.4504013092,7.0813293211,7.0877146497,54375,0.0,1.0
2023-05-08T00:00:00.000Z,11.75,11.91,11.59,11.91,26281,7.502761003,7.6049262592,7.4005957468,7.6049262592,26281,0.0,1.0
2023-05-09T00:00:00.000Z,11.52,11.56,11.325,11.5,36715,7.3558984472,7.3814397613,7.2313845412,7.3431277902,36715,0.0,1.0
2023-05-10T00:00:00.000Z,11.48,11.94,11.33,11.77,71141,7.3303571332,7.6240822448,7.2345772055,7.51553166,71141,0.0,1.0
2023-05-11T00:00:00.000Z,11.7634,11.86,11.33,11.48,64033,7.5113173432,7.5729996167,7.2345772055,7.3303571332,64033,0.0,1.0
2023-05-12T00:00:00.000Z,11.41,12.19,11.38,12.08,56688,7.2856598336,7.7837154576,7.266503848,7.713476844,56688,0.0,1.0
2023-05-15T00:00:00.000Z,11.265,11.54,11.14,11.32,24822,7.1930725701,7.3686691042,7.1132559637,7.2281918769,24822,0.0,1.0
2023-05-16T00:00:00.000Z,11.3,11.52,11.14,11.21,29571,7.2154212199,7.3558984472,7.1132559637,7.1579532633,29571,0.0,1.0
2023-05-17T00:00:00.000Z,11.894,11.93,11.37,11.4,44989,7.5947097336,7.6176969163,7.2601185195,7.2792745051,44989,0.0,1.0
2023-05-18T00:00:00.000Z,12.16,12.16,11.81,11.95,24419,7.7645594721,7.7645594721,7.5410729741,7.6304675733,24419,0.0,1.0
2023-05-19T00:00:00.000Z,12.44,12.55,12.12,12.12,33027,7.9433486704,8.0135872841,7.739018158,7.739018158,33027,0.0,1.0
2023-05-22T00:00:00.000Z,13.17,13.2,12.44,12.5,80016,8.4094776519,8.4286336374,7.9433486704,7.9816606415,80016,0.0,1.0
2023-05-23T00:00:00.000Z,12.92,13.47,12.88,12.94,91142,8.2498444391,8.6010375073,8.224303125,8.2626150961,91142,0.0,1.0
2023-05-24T00:00:00.000Z,12.62,12.74,12.24,12.56,69788,8.0582845837,8.1349085258,7.8156421002,8.0199726126,69788,0.0,1.0
2023-05-25T00:00:00.000Z,12.79,12.97,12.46,12.95,93601,8.1668351684,8.2817710816,7.9561193275,8.2690004246,93601,0.0,1.0
2023-05-26T00:00:00.000Z,13.51,13.96,12.84,12.84,108582,8.6265788213,8.9139186044,8.198761811,8.198761811,108582,0.0,1.0
2023-05-30T00:00:00.000Z,14.23,14.51,13.9201,14.15,54807,9.0863224743,9.2651116727,8.8884411437,9.0352398462,54807,0.0,1.0
2023-05-31T00:00:00.000Z,14.4436,14.47,13.73,14.1,67811,9.2227130913,9.2395703586,8.7670560486,9.0033132036,67811,0.0,1.0
2023-06-01T00:00:00.000Z,14.76,14.96,14.11,14.34,28874,9.4247448855,9.5524514558,9.0096985321,9.1565610879,28874,0.0,1.0
2023-06-02T00:00:00.000Z,15.37,15.63,15.0599,15.06,40561,9.8142499248,9.9802684661,9.6162408876,9.6163047409,40561,0.0,1.0
2023-06-05T00:00:00.000Z,15.69,15.97,15.43,15.69,54749,10.0185804372,10.1973696356,9.8525618959,10.0185804372,54749,0.0,1.0
2023-06-06T00:00:00.000Z,16.02,16.07,15.3,15.56,86427,10.2292962782,10.2612229207,9.7695526252,9.9355711665,86427,0.0,1.0
2023-06-07T00:00:00.000Z,16.33,16.85,16.215,16.62,54245,10.4272414621,10.7592785448,10.3538101842,10.6124159889,54245,0.0,1.0
2023-06-08T00:00:00.000Z,17.26,17.26,16.24,16.24,46340,11.0210770138,11.0210770138,10.3697735054,10.3697735054,46340,0.0,1.0
2023-06-09T00:00:00.000Z,18.12,18.82,17.95,18.55,120710,11.5702152659,12.0171882619,11.4616646812,11.844784392,120710,0.0,1.0
2023-06-12T00:00:00.000Z,18.57,18.68,18.14,18.58,44173,11.857555049,11.9277936627,11.582985923,11.8639403775,44173,0.0,1.0
2023-06-13T00:00:00.000Z,19.45,19.4999,18.75,18.84,146101,12.4194639582,12.4513267475,11.9724909623,12.0299589189,146101,0.0,1.0
2023-06-14T00:00:00.000Z,19.25,19.659,18.68,19.59,53581,12.2917573879,12.5529173241,11.9277936627,12.5088585574,53581,0.0,1.0
2023-06-15T00:00:00.000Z,19.14,19.3953,18.3546,18.51,40251,12.2215187743,12.3845362112,11.7200150729,11.8192430779,40251,0.0,1.0
2023-06-16T00:00:00.000Z,19.58,19.82,19.27,19.36,42985,12.5024732289,12.6557211132,12.3045280449,12.3619960016,42985,0.0,1.0
2023-06-20T00:00:00.000Z,20.84,20.86,19.64,19.64,55717,13.3070246215,13.3197952785,12.5407851999,12.5407851999,55717,0.0,1.0
2023-06-21T00:00:00.000Z,19.42,21.09,19.32,20.93,214067,12.4003079726,13.4666578344,12.3364546875,13.3644925781,214067,0.0,1.0
2023-06-22T00:00:00.000Z,19.9,19.93,18.46,18.59,54022,12.7068037413,12.7259597268,11.7873164354,11.8703257061,54022,0.0,1.0
2023-06-23T00:00:00.000Z,19.16,19.67,18.8,19.38,41758,12.2342894313,12.5599411855,12.0044176048,12.3747666586,41758,0.0,1.0
2023-06-26T00:00:00.000Z,17.71,19.29,17.68,18.52,64988,11.3084167969,12.317298702,11.2892608113,11.8256284065,64988,0.0,1.0
2023-06-27T00:00:00.000Z,18.5349,18.56,17.71,17.86,104774,11.8351425459,11.8511697205,11.3084167969,11.4041967246,104774,0.0,1.0
2023-06-28T00:00:00.000Z,19.11,19.42,18.47,18.48,136695,12.2023627887,12.4003079726,11.7937017639,11.8000870924,136695,0.0,1.0
2023-06-29T00:00:00.000Z,19.24,19.46,18.89,19.46,30227,12.2853720594,12.4258492867,12.0618855614,12.4258492867,30227,0.0,1.0
2023-06-30T00:00:00.000Z,19.57,19.8267,19.43,19.54,64744,12.4960879003,12.6599992833,12.4066933012,12.4769319148,64744,0.0,1.0
2023-07-03T00:00:00.000Z,21.32,21.69,20.88,20.99,120240,13.6135203902,13.8497775451,13.3325659356,13.4028045492,120240,0.0,1.0
2023-07-05T00:00:00.000Z,21.58,21.64,21.15,21.25,70100,13.7795389315,13.8178509026,13.5049698054,13.5688230906,70100,0.0,1.0
2023-07-06T00:00:00.000Z,21.01,21.25,20.6636,21.13,54781,13.4155752062,13.5688230906,13.1943874265,13.4921991484,54781,0.0,1.0
2023-07-07T00:00:00.000Z,20.79,21.31,20.7304,21.16,57990,13.275097979,13.6071350616,13.237041421,13.5113551339,57990,0.0,1.0
2023-07-10T00:00:00.000Z,20.33,21.05,19.94,20.95,101888,12.9813728673,13.4411165203,12.7323450553,13.3772632352,101888,0.0,1.0
2023-07-11T00:00:00.000Z,20.3,20.34,20.03,20.2,26835,12.9622168818,12.9877581959,12.789813012,12.8983635967,26835,0.0,1.0
2023-07-12T00:00:00.000Z,20.55,20.899,20.51,20.86,15710,13.1218500946,13.3446980598,13.0963087806,13.3197952785,15710,0.0,1.0
2023-07-13T00:00:00.000Z,21.0634,21.17,20.4,20.79,34641,13.4496728605,13.5177404625,13.0260701669,13.275097979,34641,0.0,1.0
2023-07-14T00:00:00.000Z,21.4,21.75,20.98,21.0,121760,13.6646030183,13.8880895162,13.3964192207,13.4091898777,121760,0.0,1.0
2023-07-17T00:00:00.000Z,22.25,22.3198,21.7097,21.91,78319,14.2073559419,14.2519255349,13.8623566423,13.9902547724,78319,0.0,1.0
2023-07-18T00:00:00.000Z,22.51,22.699,21.9489,22.2,80131,14.3733744832,14.4940571921,14.0150937004,14.1754292993,80131,0.0,1.0
2023-07-19T00:00:00.000Z,22.34,23.06,22.18,22.82,125255,14.2648238985,14.7245675515,14.1626586423,14.5713196671,125255,0.0,1.0
2023-07-20T00:00:00.000Z,19.6,21.25,19.46,21.16,128262,12.5152438859,13.5688230906,12.4258492867,13.5113551339,128262,0.0,1.0
2023-07-21T00:00:00.000Z,19.31,20.02,18.9499,20.02,207071,12.330069359,12.7834276834,12.1001336792,12.7834276834,207071,0.0,1.0
2023-07-24T00:00:00.000Z,20.18,20.21,18.82,18.87,201423,12.8855929397,12.9047489252,12.0171882619,12.0491149044,201423,0.0,1.0
2023-07-25T00:00:00.000Z,19.81,20.48,19.77,20.47,88516,12.6493357847,13.077152795,12.6237944706,13.0707674665,88516,0.0,1.0
2023-07-26T00:00:00.000Z,19.69,19.975,19.49,19.49,91460,12.5727118425,12.7546937051,12.4450052722,12.4450052722,91460,0.0,1.0
2023-07-27T00:00:00.000Z,18.86,20.1,18.86,20.08,36821,12.0427295759,12.8345103115,12.0427295759,12.8217396545,36821,0.0,1.0
2023-07-28T00:00:00.000Z,19.89,19.93,19.1,19.21,104290,12.7004184128,12.7259597268,12.1959774602,12.2662160739,104290,0.0,1.0
2023-07-31T00:00:00.000Z,19.94,20.09,19.6405,19.97,52488,12.7323450553,12.828124983,12.5411044664,12.7515010409,52488,0.0,1.0
2023-08-01T00:00:00.000Z,19.37,19.69,19.3608,19.69,23854,12.3683813301,12.5727118425,12.3625068278,12.5727118425,23854,0.0,1.0
2023-08-02T00:00:00.000Z,18.76,19.21,18.43,18.89,119045,11.9788762908,12.2662160739,11.7681604498,12.0618855614,119045,0.0,1.0
2023-08-03T00:00:00.000Z,19.22,19.269,18.63,18.63,73694,12.2726014024,12.3038895121,11.8958670201,11.8958670201,73694,0.0,1.0
2023-08-04T00:00:00.000Z,18.68,19.67,18.65,19.4,42734,11.9277936627,12.5599411855,11.9086376771,12.3875373156,42734,0.0,1.0
2023-08-07T00:00:00.000Z,18.49,18.65,17.67,18.58,82682,11.8064724209,11.9086376771,11.2828754828,11.8639403775,82682,0.0,1.0
2023-08-08T00:00:00.000Z,18.31,18.36,17.89,18.08,40817,11.6915365077,11.7234631502,11.4233527101,11.5446739519,40817,0.0,1.0
2023-08-09T00:00:00.000Z,17.62,18.39,17.6,18.36,32408,11.2509488403,11.7426191358,11.2381781832,11.7234631502,32408,0.0,1.0
2023-08-10T00:00:00.000Z,17.9,18.4499,17.69,17.85,54166,11.4297380386,11.7808672536,11.2956461399,11.3978113961,54166,0.0,1.0
2023-08-11T00:00:00.000Z,17.64,17.6605,17.251,17.54,23663,11.2637194973,11.2768094207,11.0153302181,11.1998662122,23663,0.0,1.0
2023-08-14T00:00:00.000Z,17.36,17.428,16.84,16.99,47217,11.0849302989,11.1283505328,10.7528932162,10.8486731439,47217,0.0,1.0
2023-08-15T00:00:00.000Z,16.77,17.31,16.76,17.31,21219,10.7081959166,11.0530036564,10.7018105881,11.0530036564,21219,0.0,1.0
2023-08-16T00:00:00.000Z,16.11,16.82,16.11,16.29,44844,10.2867642348,10.7401225592,10.2867642348,10.401700148,44844,0.0,1.0
2023-08-17T00:00:00.000Z,15.49,16.19,15.49,16.19,120093,9.890873867,10.3378468629,9.890873867,10.3378468629,120093,0.0,1.0
2023-08-18T00:00:00.000Z,15.19,15.32,14.92,15.03,67522,9.6993140116,9.7823232822,9.5269101417,9.5971487553,67522,0.0,1.0
2023-08-21T00:00:00.000Z,16.57,16.57,15.7,15.7,100444,10.5804893464,10.5804893464,10.0249657657,10.0249657657,100444,0.0,1.0
2023-08-22T00:00:00.000Z,16.76,17.39,16.42,17.39,80903,10.7018105881,11.1040862845,10.4847094187,11.1040862845,80903,0.0,1.0
2023-08-23T00:00:00.000Z,17.08,17.19,16.37,16.37,88268,10.9061411006,10.9763797142,10.4527827761,10.4527827761,88268,0.0,1.0
2023-08-24T00:00:00.000Z,16.4686,17.23,16.29,17.21,60981,10.5157421153,11.0019210283,10.401700148,10.9891503712,60981,0.0,1.0
2023-08-25T00:00:00.000Z,17.21,17.215,16.5,16.61,79671,10.9891503712,10.9923430355,10.5357920468,10.6060306604,79671,0.0,1.0
2023-08-28T00:00:00.000Z,17.21,17.6,16.94,17.54,51640,10.9891503712,11.2381781832,10.8167465014,11.1998662122,51640,0.0,1.0
2023-08-29T00:00:00.000Z,18.86,18.865,17.16,17.21,143356,12.0427295759,12.0459222402,10.9572237287,10.9891503712,143356,0.0,1.0
2023-08-30T00:00:00.000Z,18.83,19.13,18.27,18.6,86845,12.0235735904,12.2151334458,11.6659951936,11.8767110346,86845,0.0,1.0
2023-08-31T00:00:00.000Z,18.9346,19.2194,18.7,18.72,85958,12.0903641266,12.2722182827,11.9405643197,11.9533349767,85958,0.0,1.0
2023-09-01T00:00:00.000Z,17.7,18.99,17.51,18.83,115050,11.3020314684,12.1257388466,11.1807102266,12.0235735904,115050,0.0,1.0
2023-09-05T00:00:00.000Z,18.78,18.8827,17.7,17.71,75257,11.9916469478,12.0572242716,11.3020314684,11.3084167969,75257,0.0,1.0
2023-09-06T00:00:00.000Z,18.35,18.5927,17.7699,18.5808,41071,11.7170778217,11.8720497447,11.3466649147,11.8644512038,41071,0.0,1.0
2023-09-07T00:00:00.000Z,18.3,18.38,17.6084,17.68,56124,11.6851511792,11.7362338073,11.2435418592,11.2892608113,56124,0.0,1.0
2023-09-08T00:00:00.000Z,17.99,18.72,17.9085,18.24,42166,11.4872059953,11.9533349767,11.4351655679,11.6468392081,42166,0.0,1.0
2023-09-11T00:00:00.000Z,20.3,20.385,19.17,19.43,73503,12.9622168818,13.0164921742,12.2406747598,12.4066933012,73503,0.0,1.0
2023-09-12T00:00:00.000Z,19.71,20.71,19.6601,19.97,80075,12.5854824995,13.2240153509,12.5536197102,12.7515010409,80075,0.0,1.0
2023-09-13T00:00:00.000Z,20.07,20.3197,19.9142,20.04,63001,12.815354326,12.974795979,12.7158709078,12.7961983405,63001,0.0,1.0
2023-09-14T00:00:00.000Z,20.47,20.52,20.05,20.08,31584,13.0707674665,13.1026941091,12.802583669,12.8217396545,31584,0.0,1.0
2023-09-15T00:00:00.000Z,20.34,20.6938,20.0692,20.6,58825,12.9877581959,13.2136711187,12.8148434997,13.1537767372,58825,0.0,1.0
2023-09-18T00:00:00.000Z,19.48,20.07,19.35,20.07,130208,12.4386199437,12.815354326,12.3556106731,12.815354326,130208,0.0,1.0
2023-09-19T00:00:00.000Z,19.6,19.64,19.1005,19.38,32613,12.5152438859,12.5407851999,12.1962967267,12.3747666586,32613,0.0,1.0
2023-09-20T00:00:00.000Z,19.23,20.22,19.22,19.61,92613,12.2789867309,12.9111342537,12.2726014024,12.5216292144,92613,0.0,1.0
2023-09-21T00:00:00.000Z,18.6,19.03,18.455,18.82,73049,11.8767110346,12.1512801606,11.7841237711,12.0171882619,73049,0.0,1.0
2023-09-22T00:00:00.000Z,17.59,18.68,17.56,18.68,101892,11.2317928547,11.9277936627,11.2126368692,11.9277936627,101892,0.0,1.0
2023-09-25T00:00:00.000Z,17.79,17.79,17.03,17.46,53739,11.359499425,11.359499425,10.874214458,11.1487835841,53739,0.0,1.0
2023-09-26T00:00:00.000Z,17.53,17.99,17.36,17.39,70752,11.1934808837,11.4872059953,11.0849302989,11.1040862845,70752,0.0,1.0
2023-09-27T00:00:00.000Z,17.19,17.5906,16.69,17.56,94950,10.9763797142,11.2321759744,10.6571132885,11.2126368692,94950,0.0,1.0
2023-09-28T00:00:00.000Z,17.71,17.7801,17.0494,17.18,72931,11.3084167969,11.3531779498,10.8866019953,10.9699943857,72931,0.0,1.0
2023-09-29T00:00:00.000Z,18.06,18.33,17.74,18.09,57629,11.5319032949,11.7043071647,11.3275727824,11.5510592804,57629,0.0,1.0
2023-10-02T00:00:00.000Z,18.1582,18.39,17.3803,17.65,50991,11.5946072209,11.7426191358,11.0978925158,11.2701048258,50991,0.0,1.0
2023-10-03T00:00:00.000Z,17.7051,17.98,17.561,17.87,19730,11.3052879859,11.4808206667,11.213275402,11.4105820531,19730,0.0,1.0
2023-10-04T00:00:00.000Z,19.01,19.05,18.1198,18.15,39236,12.1385095036,12.1640508177,11.5700875594,11.5893712515,39236,0.0,1.0
2023-10-05T00:00:00.000Z,18.88,19.1811,18.6,18.83,31286,12.0555002329,12.2477624745,11.8767110346,12.0235735904,31286,0.0,1.0
2023-10-06T00:00:00.000Z,18.93,19.0,18.075,18.31,36059,12.0874268755,12.1321241751,11.5414812876,11.6915365077,36059,0.0,1.0
2023-10-09T00:00:00.000Z,18.87,18.9,18.2,18.46,17705,12.0491149044,12.06827089,11.621297894,11.7873164354,17705,0.0,1.0
2023-10-10T00:00:00.000Z,19.19,19.63,19.0687,19.1065,45995,12.2534454168,12.5343998714,12.175991382,12.2001279238,45995,0.0,1.0
2023-10-11T00:00:00.000Z,19.13,19.5899,19.03,19.49,34118,12.2151334458,12.5087947041,12.1512801606,12.4450052722,34118,0.0,1.0
2023-10-12T00:00:00.000Z,18.79,19.31,18.5601,19.3,12622,11.9980322763,12.330069359,11.8512335738,12.3236840305,12622,0.0,1.0
2023-10-13T00:00:00.000Z,18.07,18.78,17.9701,18.78,50391,11.5382886234,11.9916469478,11.4744991915,11.9916469478,50391,0.0,1.0
2023-10-16T00:00:00.000Z,18.31,18.42,17.888,18.03,32148,11.6915365077,11.7617751213,11.4220756444,11.5127473093,32148,0.0,1.0
2023-10-17T00:00:00.000Z,18.3652,18.5209,17.73,17.92,7625,11.7267835211,11.826203086,11.3211874539,11.4425086957,7625,0.0,1.0
2023-10-18T00:00:00.000Z,17.28,18.3402,17.25,18.3402,60513,11.0338476708,11.7108201998,11.0146916853,11.7108201998,60513,0.0,1.0
2023-10-19T00:00:00.000Z,15.27,16.1627,15.005,15.92,105035,9.7503966397,10.320414916,9.5811854341,10.165442993,105035,0.0,1.0
2023-10-20T00:00:00.000Z,14.56,15.14,14.43,15.0,80088,9.2970383152,9.667387369,9.2140290446,9.5779927698,80088,0.0,1.0
2023-10-23T00:00:00.000Z,14.56,14.9301,13.78,14.34,38075,9.2970383152,9.5333593235,8.7989826912,9.1565610879,38075,0.0,1.0
2023-10-24T00:00:00.000Z,14.9309,15.4,14.88,14.99,37167,9.5338701498,9.8334059103,9.5013688277,9.5716074413,37167,0.0,1.0
2023-10-25T00:00:00.000Z,14.5773,15.12,14.5773,14.8005,98129,9.3080849336,9.654616712,9.3080849336,9.450605466,98129,0.0,1.0
2023-10-26T00:00:00.000Z,14.0,14.72,13.93,14.48,128456,8.9394599185,9.3992035714,8.8947626189,9.2459556871,128456,0.0,1.0
2023-10-27T00:00:00.000Z,14.115,14.5,14.09,14.4,27012,9.0128911964,9.2587263441,8.9969278751,9.194873059,27012,0.0,1.0
2023-10-30T00:00:00.000Z,13.26,14.374,13.149,14.24,33749,8.4669456085,9.1782712049,8.396068462,9.0927078028,33749,0.0,1.0
2023-10-31T00:00:00.000Z,13.55,13.68,13.0,13.14,32702,8.6521201354,8.7351294061,8.3009270672,8.3903216664,32702,0.0,1.0
2023-11-01T00:00:00.000Z,13.9585,13.98,13.35,13.7401,31084,8.9129608052,8.9266892615,8.5244135651,8.7735052304,31084,0.0,1.0
2023-11-02T00:00:00.000Z,15.06,15.07,14.47,14.65,66856,9.6163047409,9.6226900694,9.2395703586,9.3545062718,66856,0.0,1.0
2023-11-03T00:00:00.000Z,15.1532,15.6991,15.045,15.29,225559,9.6758160026,10.0243910862,9.6067267481,9.7631672967,225559,0.0,1.0
2023-11-06T00:00:00.000Z,15.12,15.6795,14.78,15.54,32837,9.654616712,10.0118758423,9.4375155425,9.9228005095,32837,0.0,1.0
2023-11-07T00:00:00.000Z,15.3587,15.41,14.8286,15.01,56222,9.8070345036,9.8397912389,9.4685482391,9.5843780983,56222,0.0,1.0
2023-11-08T00:00:00.000Z,15.35,15.45,14.98,15.45,20609,9.8014792678,9.8653325529,9.5652221128,9.8653325529,20609,0.0,1.0
2023-11-09T00:00:00.000Z,14.285,15.15,14.04,15.15,48443,9.1214417811,9.6737726975,8.9650012325,9.6737726975,48443,0.0,1.0
2023-11-10T00:00:00.000Z,14.6622,14.6804,14.03,14.2024,17402,9.3622963726,9.3739176705,8.958615904,9.0686989676,17402,0.0,1.0
2023-11-13T00:00:00.000Z,15.44,15.53,14.45,14.76,33257,9.8589472244,9.916415181,9.2267997016,9.4247448855,33257,0.0,1.0
2023-11-14T00:00:00.000Z,16.5903,16.665,16.14,16.41,112979,10.5934515633,10.6411499673,10.3059202203,10.4783240902,112979,0.0,1.0
2023-11-15T00:00:00.000Z,17.12,17.41,16.58,16.7875,49896,10.9316824146,11.1168569415,10.5868746749,10.7193702415,49896,0.0,1.0
2023-11-16T00:00:00.000Z,16.28,16.92,16.0797,16.79,80188,10.3953148195,10.8039758443,10.2674166894,10.7209665737,80188,0.0,1.0
2023-11-17T00:00:00.000Z,16.35,16.58,15.695,16.12,46418,10.4400121191,10.5868746749,10.0217731015,10.2931495633,46418,0.0,1.0
2023-11-20T00:00:00.000Z,16.4457,16.5566,16.14,16.37,19356,10.501119713,10.5719330062,10.3059202203,10.4527827761,19356,0.0,1.0
2023-11-21T00:00:00.000Z,16.94,17.13,16.3,16.3,24328,10.8167465014,10.9380677431,10.4080854765,10.4080854765,24328,0.0,1.0
2023-11-22T00:00:00.000Z,16.3056,17.1,16.08,17.0606,88687,10.4116612605,10.9189117576,10.2676082492,10.8937535632,88687,0.0,1.0
2023-11-24T00:00:00.000Z,16.416,16.679,16.31,16.45,10563,10.4821552873,10.6500894272,10.414470805,10.5038654042,10563,0.0,1.0
2023-11-27T00:00:00.000Z,16.47,16.55,16.16,16.54,21371,10.5166360613,10.5677186894,10.3186908773,10.5613333608,21371,0.0,1.0
2023-11-28T00:00:00.000Z,17.39,17.399,16.291,16.5,51700,11.1040862845,11.1098330801,10.4023386809,10.5357920468,51700,0.0,1.0
2023-11-29T00:00:00.000Z,17.14,17.9,17.1,17.63,40755,10.9444530716,11.4297380386,10.9189117576,11.2573341688,40755,0.0,1.0
2023-11-30T00:00:00.000Z,16.8,17.23,16.57,17.23,84025,10.7273519022,11.0019210283,10.5804893464,11.0019210283,84025,0.0,1.0
2023-12-01T00:00:00.000Z,16.6628,16.72,16.09,16.21,23265,10.639745195,10.6762692741,10.2739935777,10.3506175199,23265,0.0,1.0
2023-12-04T00:00:00.000Z,16.39,16.649,16.328,16.39,27151,10.4655534331,10.6309334416,10.4259643964,10.4655534331,27151,0.0,1.0
2023-12-05T00:00:00.000Z,16.68,17.24,16.41,16.41,27943,10.65072796,11.0083063568,10.4783240902,10.4783240902,27943,0.0,1.0
2023-12-06T00:00:00.000Z,16.72,17.263,16.72,17.06,21135,10.6762692741,11.0229926123,10.6762692741,10.8933704435,21135,0.0,1.0
2023-12-07T00:00:00.000Z,16.99,17.029,16.52,16.86,29842,10.8486731439,10.8735759251,10.5485627038,10.7656638733,29842,0.0,1.0
2023-12-08T00:00:00.000Z,17.08,17.15,16.725,16.725,18010,10.9061411006,10.9508384001,10.6794619383,10.6794619383,18010,0.0,1.0
2023-12-11T00:00:00.000Z,16.72,17.0,16.53,16.99,16859,10.6762692741,10.8550584725,10.5549480323,10.8486731439,16859,0.0,1.0
2023-12-12T00:00:00.000Z,16.48,16.59,16.26,16.55,26985,10.5230213898,10.5932600034,10.3825441625,10.5677186894,26985,0.0,1.0
2023-12-13T00:00:00.000Z,16.68,16.7425,15.73,16.22,38298,10.65072796,10.6906362632,10.0441217513,10.3570028484,38298,0.0,1.0
2023-12-14T00:00:00.000Z,17.6571,17.875,16.85,16.85,60709,11.2746384091,11.4137747174,10.7592785448,10.7592785448,60709,0.0,1.0
2023-12-15T00:00:00.000Z,17.9052,17.9201,17.53,17.7,48177,11.4330584095,11.442572549,11.1934808837,11.3020314684,48177,0.0,1.0
2023-12-18T00:00:00.000Z,17.75,18.33,17.75,17.95,27214,11.3339581109,11.7043071647,11.3339581109,11.4616646812,27214,0.0,1.0
2023-12-19T00:00:00.000Z,18.23,18.2913,17.94,17.94,63316,11.6404538796,11.6795959434,11.4552793527,11.4552793527,63316,0.0,1.0
2023-12-20T00:00:00.000Z,17.34,18.43,17.3297,18.17,40378,11.0721596419,11.7681604498,11.0655827535,11.6021419085,40378,0.0,1.0
2023-12-21T00:00:00.000Z,17.96,17.98,17.4895,17.73,22626,11.4680500097,11.4808206667,11.1676203032,11.3211874539,22626,0.0,1.0
2023-12-22T00:00:00.000Z,17.78,18.25,17.69,18.2,16944,11.3531140965,11.6532245366,11.2956461399,11.621297894,16944,0.0,1.0
2023-12-26T00:00:00.000Z,18.16,18.24,17.84,17.95,22631,11.59575658,11.6468392081,11.3914260676,11.4616646812,22631,0.0,1.0
2023-12-27T00:00:00.000Z,11.76,11.85,11.57,11.58,273780,11.76,11.85,11.57,11.58,273780,6.65722,1.0
2023-12-28T00:00:00.000Z,11.28,11.935,11.25,11.87,80136,11.28,11.935,11.25,11.87,80136,0.0,1.0
2023-12-29T00:00:00.000Z,11.01,11.38,10.97,11.38,56480,11.01,11.38,10.97,11.38,56480,0.0,1.0
2024-01-02T00:00:00.000Z,11.01,11.13,10.8,11.09,66505,11.01,11.13,10.8,11.09,66505,0.0,1.0
2024-01-03T00:00:00.000Z,10.46,10.83,10.36,10.83,54996,10.46,10.83,10.36,10.83,54996,0.0,1.0
2024-01-04T00:00:00.000Z,10.42,10.6799,10.42,10.47,15382,10.42,10.6799,10.42,10.47,15382,0.0,1.0
2024-01-05T00:00:00.000Z,10.39,10.495,10.3,10.37,19523,10.39,10.495,10.3,10.37,19523,0.0,1.0
2024-01-08T00:00:00.000Z,10.54,10.58,10.3,10.32,15017,10.54,10.58,10.3,10.32,15017,0.0,1.0
2024-01-09T00:00:00.000Z,10.2391,10.41,10.101,10.41,28710,10.2391,10.41,10.101,10.41,28710,0.0,1.0
2024-01-10T00:00:00.000Z,10.19,10.26,10.061,10.26,9590,10.19,10.26,10.061,10.26,9590,0.0,1.0
2024-01-11T00:00:00.000Z,9.82,10.01,9.74,10.01,57719,9.82,10.01,9.74,10.01,57719,0.0,1.0
2024-01-12T00:00:00.000Z,9.36,9.7,9.27,9.43,37226,9.36,9.7,9.27,9.43,37226,0.0,1.0
2024-01-16T00:00:00.000Z,9.4151,9.6,9.05,9.17,50796,9.4151,9.6,9.05,9.17,50796,0.0,1.0
2024-01-17T00:00:00.000Z,9.18,9.181,9.0,9.15,28254,9.18,9.181,9.0,9.15,28254,0.0,1.0
2024-01-18T00:00:00.000Z,8.98,9.26,8.83,9.26,94024,8.98,9.26,8.83,9.26,94024,0.0,1.0
2024-01-19T00:00:00.000Z,8.9858,9.04,8.765,8.87,67332,8.9858,9.04,8.765,8.87,67332,0.0,1.0
2024-01-22T00:00:00.000Z,8.8,9.27,8.7,9.0,77014,8.8,9.27,8.7,9.0,77014,0.0,1.0
2024-01-23T00:00:00.000Z,8.83,9.16,8.77,8.95,67922,8.83,9.16,8.77,8.95,67922,0.0,1.0
2024-01-24T00:00:00.000Z,8.75,8.999,8.71,8.97,85279,8.75,8.999,8.71,8.97,85279,0.0,1.0
2024-01-25T00:00:00.000Z,7.44,7.96,7.295,7.79,174579,7.44,7.96,7.295,7.79,174579,0.0,1.0
2024-01-26T00:00:00.000Z,7.45,7.6013,7.405,7.57,94697,7.45,7.6013,7.405,7.57,94697,0.0,1.0
2024-01-29T00:00:00.000Z,7.8439,7.87,7.485,7.56,636184,7.8439,7.87,7.485,7.56,636184,0.0,1.0
2024-01-30T00:00:00.000Z,7.89,8.12,7.835,8.08,407606,7.89,8.12,7.835,8.08,407606,0.0,1.0
2024-01-31T00:00:00.000Z,7.66,7.97,7.62,7.63,95635,7.66,7.97,7.62,7.63,95635,0.0,1.0
2024-02-01T00:00:00.000Z,7.74,7.769,7.53,7.71,51546,7.74,7.769,7.53,7.71,51546,0.0,1.0
2024-02-02T00:00:00.000Z,7.68,7.7,7.4,7.53,97897,7.68,7.7,7.4,7.53,97897,0.0,1.0
2024-02-05T00:00:00.000Z,7.33,7.5,7.0387,7.5,112647,7.33,7.5,7.0387,7.5,112647,0.0,1.0
2024-02-06T00:00:00.000Z,7.53,7.5718,7.14,7.14,74271,7.53,7.5718,7.14,7.14,74271,0.0,1.0
2024-02-07T00:00:00.000Z,7.66,7.76,7.4029,7.69,115313,7.66,7.76,7.4029,7.69,115313,0.0,1.0
2024-02-08T00:00:00.000Z,7.7471,7.8399,7.559,7.72,74122,7.7471,7.8399,7.559,7.72,74122,0.0,1.0
2024-02-09T00:00:00.000Z,7.96,7.9699,7.75,7.77,63656,7.96,7.9699,7.75,7.77,63656,0.0,1.0
2024-02-12T00:00:00.000Z,7.67,7.9971,7.635,7.87,185141,7.67,7.9971,7.635,7.87,185141,0.0,1.0
2024-02-13T00:00:00.000Z,7.47,7.58,7.37,7.45,112657,7.47,7.58,7.37,7.45,112657,0.0,1.0
2024-02-14T00:00:00.000Z,7.69,7.7,7.46,7.52,240690,7.69,7.7,7.46,7.52,240690,0.0,1.0
2024-02-15T00:00:00.000Z,8.3,8.3,7.72,7.73,118917,8.3,8.3,7.72,7.73,118917,0.0,1.0
2024-02-16T00:00:00.000Z,8.26,8.4163,8.135,8.37,405422,8.26,8.4163,8.135,8.37,405422,0.0,1.0
2024-02-20T00:00:00.000Z,7.94,8.13,7.71,8.06,217534,7.94,8.13,7.71,8.06,217534,0.0,1.0
2024-02-21T00:00:00.000Z,7.9845,8.22,7.85,8.0099,87790,7.9845,8.22,7.85,8.0099,87790,0.0,1.0
2024-02-22T00:00:00.000Z,8.12,8.155,7.825,7.96,188728,8.12,8.155,7.825,7.96,188728,0.0,1.0
2024-02-23T00:00:00.000Z,7.84,8.09,7.835,8.09,64118,7.84,8.09,7.835,8.09,64118,0.0,1.0
2024-02-26T00:00:00.000Z,8.22,8.3,7.84,7.84,86363,8.22,8.3,7.84,7.84,86363,0.0,1.0
2024-02-27T00:00:00.000Z,8.23,8.5101,8.16,8.43,66570,8.23,8.5101,8.16,8.43,66570,0.0,1.0
2024-02-28T00:00:00.000Z,8.36,8.4902,8.21,8.28,55562,8.36,8.4902,8.21,8.28,55562,0.0,1.0
2024-02-29T00:00:00.000Z,8.34,8.4601,8.19,8.44,60061,8.34,8.4601,8.19,8.44,60061,0.0,1.0
2024-03-01T00:00:00.000Z,8.36,8.45,8.1605,8.25,59798,8.36,8.45,8.1605,8.25,59798,0.0,1.0
2024-03-04T00:00:00.000Z,7.63,8.17,7.5588,8.16,120176,7.63,8.17,7.5588,8.16,120176,0.0,1.0
2024-03-05T00:00:00.000Z,7.25,7.43,7.08,7.38,136509,7.25,7.43,7.08,7.38,136509,0.0,1.0
2024-03-06T00:00:00.000Z,7.04,7.24,6.9,7.23,135041,7.04,7.24,6.9,7.23,135041,0.0,1.0
2024-03-07T00:00:00.000Z,7.14,7.195,6.89,6.89,271518,7.14,7.195,6.89,6.89,271518,0.0,1.0
2024-03-08T00:00:00.000Z,6.97,7.33,6.9477,7.27,349408,6.97,7.33,6.9477,7.27,349408,0.0,1.0
2024-03-11T00:00:00.000Z,7.09,7.311,6.95,6.97,157188,7.09,7.311,6.95,6.97,157188,0.0,1.0
2024-03-12T00:00:00.000Z,7.06,7.161,6.82,7.09,133874,7.06,7.161,6.82,7.09,133874,0.0,1.0
2024-03-13T00:00:00.000Z,6.67,6.99,6.655,6.85,131630,6.67,6.99,6.655,6.85,131630,0.0,1.0
2024-03-14T00:00:00.000Z,6.32,6.74,6.235,6.58,134157,6.32,6.74,6.235,6.58,134157,0.0,1.0
2024-03-15T00:00:00.000Z,6.37,6.43,6.24,6.31,106085,6.37,6.43,6.24,6.31,106085,0.0,1.0
2024-03-18T00:00:00.000Z,6.89,6.902,6.4973,6.67,173861,6.89,6.902,6.4973,6.67,173861,0.0,1.0
2024-03-19T00:00:00.000Z,6.75,6.81,6.5784,6.77,107976,6.75,6.81,6.5784,6.77,107976,0.0,1.0
2024-03-20T00:00:00.000Z,6.96,6.98,6.7236,6.83,152023,6.96,6.98,6.7236,6.83,152023,0.0,1.0
2024-03-21T00:00:00.000Z,6.81,7.07,6.7689,6.98,123053,6.81,7.07,6.7689,6.98,123053,0.0,1.0
2024-03-22T00:00:00.000Z,6.7,6.72,6.5,6.51,95836,6.7,6.72,6.5,6.51,95836,0.0,1.0
2024-03-25T00:00:00.000Z,6.79,6.905,6.61,6.61,128261,6.79,6.905,6.61,6.61,128261,0.0,1.0
2024-03-26T00:00:00.000Z,7.05,7.3624,7.0307,7.09,184944,7.05,7.3624,7.0307,7.09,184944,0.0,1.0
2024-03-27T00:00:00.000Z,7.15,7.23,6.965,7.23,115910,7.15,7.23,6.965,7.23,115910,0.0,1.0
2024-03-28T00:00:00.000Z,6.94,7.09,6.9205,7.03,93990,6.94,7.09,6.9205,7.03,93990,0.0,1.0
2024-04-01T00:00:00.000Z,6.91,6.96,6.67,6.96,167367,6.91,6.96,6.67,6.96,167367,0.0,1.0
2024-04-02T00:00:00.000Z,6.48,6.53,6.3598,6.4,213178,6.48,6.53,6.3598,6.4,213178,0.0,1.0
2024-04-03T00:00:00.000Z,6.57,6.59,6.34,6.36,80940,6.57,6.59,6.34,6.36,80940,0.0,1.0
2024-04-04T00:00:00.000Z,6.7,7.0,6.56,6.65,168544,6.7,7.0,6.56,6.65,168544,0.0,1.0
2024-04-05T00:00:00.000Z,6.4,6.675,6.19,6.59,215116,6.4,6.675,6.19,6.59,215116,0.0,1.0
2024-04-08T00:00:00.000Z,6.79,6.8593,6.54,6.61,212788,6.79,6.8593,6.54,6.61,212788,0.0,1.0
2024-04-09T00:00:00.000Z,6.98,7.0873,6.755,6.78,131217,6.98,7.0873,6.755,6.78,131217,0.0,1.0
2024-04-10T00:00:00.000Z,6.72,6.865,6.65,6.79,141777,6.72,6.865,6.65,6.79,141777,0.0,1.0
2024-04-11T00:00:00.000Z,6.85,6.92,6.57,6.77,942774,6.85,6.92,6.57,6.77,942774,0.0,1.0
2024-04-12T00:00:00.000Z,6.67,6.805,6.6676,6.74,989970,6.67,6.805,6.6676,6.74,989970,0.0,1.0
2024-04-15T00:00:00.000Z,6.21,6.65,6.21,6.64,159452,6.21,6.65,6.21,6.64,159452,0.0,1.0
2024-04-16T00:00:00.000Z,5.99,6.05,5.8542,5.98,138517,5.99,6.05,5.8542,5.98,138517,0.0,1.0
2024-04-17T00:00:00.000Z,5.91,6.0524,5.845,6.03,121692,5.91,6.0524,5.845,6.03,121692,0.0,1.0
2024-04-18T00:00:00.000Z,5.66,5.7589,5.6,5.73,165617,5.66,5.7589,5.6,5.73,165617,0.0,1.0
2024-04-19T00:00:00.000Z,5.51,5.6901,5.485,5.58,137525,5.51,5.6901,5.485,5.58,137525,0.0,1.0
2024-04-22T00:00:00.000Z,5.28,5.38,5.13,5.21,223886,5.28,5.38,5.13,5.21,223886,0.0,1.0
2024-04-23T00:00:00.000Z,5.41,5.515,5.2487,5.34,250486,5.41,5.515,5.2487,5.34,250486,0.0,1.0
2024-04-24T00:00:00.000Z,6.21,6.48,6.005,6.24,403353,6.21,6.48,6.005,6.24,403353,0.0,1.0
2024-04-25T00:00:00.000Z,6.6,6.615,6.03,6.03,367017,6.6,6.615,6.03,6.03,367017,0.0,1.0
2024-04-26T00:00:00.000Z,6.5,6.675,6.4189,6.5,227432,6.5,6.675,6.4189,6.5,227432,0.0,1.0
2024-04-29T00:00:00.000Z,7.7449,7.975,7.3,7.46,729096,7.7449,7.975,7.3,7.46,729096,0.0,1.0
2024-04-30T00:00:00.000Z,7.22,7.58,7.19,7.4,352768,7.22,7.58,7.19,7.4,352768,0.0,1.0
2024-05-01T00:00:00.000Z,7.05,7.32,7.0007,7.15,396806,7.05,7.32,7.0007,7.15,396806,0.0,1.0
2024-05-02T00:00:00.000Z,7.05,7.24,6.86,7.21,329636,7.05,7.24,6.86,7.21,329636,0.0,1.0
2024-05-03T00:00:00.000Z,7.09,7.27,6.9676,7.15,262139,7.09,7.27,6.9676,7.15,262139,0.0,1.0
2024-05-06T00:00:00.000Z,7.28,7.4013,7.15,7.24,202361,7.28,7.4013,7.15,7.24,202361,0.0,1.0
2024-05-07T00:00:00.000Z,6.93,7.195,6.92,7.15,255915,6.93,7.195,6.92,7.15,255915,0.0,1.0
2024-05-08T00:00:00.000Z,6.77,6.8303,6.575,6.64,182705,6.77,6.8303,6.575,6.64,182705,0.0,1.0
2024-05-09T00:00:00.000Z,6.65,6.81,6.62,6.77,177236,6.65,6.81,6.62,6.77,177236,0.0,1.0
2024-05-10T00:00:00.000Z,6.48,6.69,6.4395,6.69,143874,6.48,6.69,6.4395,6.69,143874,0.0,1.0
2024-05-13T00:00:00.000Z,6.64,6.795,6.51,6.57,160942,6.64,6.795,6.51,6.57,160942,0.0,1.0
2024-05-14T00:00:00.000Z,6.91,7.0,6.74,6.74,251536,6.91,7.0,6.74,6.74,251536,0.0,1.0
2024-05-15T00:00:00.000Z,6.74,7.0,6.69,7.0,198134,6.74,7.0,6.69,7.0,198134,0.0,1.0
2024-05-16T00:00:00.000Z,6.76,6.8105,6.6191,6.74,131852,6.76,6.8105,6.6191,6.74,131852,0.0,1.0
2024-05-17T00:00:00.000Z,6.89,6.99,6.67,6.72,546328,6.89,6.99,6.67,6.72,546328,0.0,1.0
2024-05-20T00:00:00.000Z,6.77,6.93,6.7,6.93,118211,6.77,6.93,6.7,6.93,118211,0.0,1.0
2024-05-21T00:00:00.000Z,7.33,7.34,6.78,6.79,254266,7.33,7.34,6.78,6.79,254266,0.0,1.0
2024-05-22T00:00:00.000Z,7.01,7.2,6.92,7.16,211241,7.01,7.2,6.92,7.16,211241,0.0,1.0
2024-05-23T00:00:00.000Z,6.7,7.07,6.69,7.07,260766,6.7,7.07,6.69,7.07,260766,0.0,1.0
2024-05-24T00:00:00.000Z,6.96,7.0,6.71,6.74,140831,6.96,7.0,6.71,6.74,140831,0.0,1.0
2024-05-28T00:00:00.000Z,6.85,6.9,6.68,6.8,120791,6.85,6.9,6.68,6.8,120791,0.0,1.0
2024-05-29T00:00:00.000Z,6.82,6.8999,6.71,6.72,122627,6.82,6.8999,6.71,6.72,122627,0.0,1.0
2024-05-30T00:00:00.000Z,6.93,7.12,6.7799,6.94,251508,6.93,7.12,6.7799,6.94,251508,0.0,1.0
2024-05-31T00:00:00.000Z,6.9,6.9901,6.6999,6.92,204064,6.9,6.9901,6.6999,6.92,204064,0.0,1.0
2024-06-03T00:00:00.000Z,6.82,7.1101,6.7299,6.89,157619,6.82,7.1101,6.7299,6.89,157619,0.0,1.0
2024-06-04T00:00:00.000Z,6.74,6.8815,6.7101,6.75,143461,6.74,6.8815,6.7101,6.75,143461,0.0,1.0
2024-06-05T00:00:00.000Z,6.74,6.8001,6.61,6.77,123462,6.74,6.8001,6.61,6.77,123462,0.0,1.0
2024-06-06T00:00:00.000Z,6.88,6.9699,6.645,6.73,248330,6.88,6.9699,6.645,6.73,248330,0.0,1.0
2024-06-07T00:00:00.000Z,6.86,6.9488,6.775,6.81,126601,6.86,6.9488,6.775,6.81,126601,0.0,1.0
2024-06-10T00:00:00.000Z,6.68,6.9013,6.6587,6.8,181573,6.68,6.9013,6.6587,6.8,181573,0.0,1.0
2024-06-11T00:00:00.000Z,6.53,6.72,6.37,6.68,712007,6.53,6.72,6.37,6.68,712007,0.0,1.0
2024-06-12T00:00:00.000Z,6.85,7.0,6.515,6.53,248971,6.85,7.0,6.515,6.53,248971,0.0,1.0
2024-06-13T00:00:00.000Z,7.1,7.5,7.04,7.36,459125,7.1,7.5,7.04,7.36,459125,0.0,1.0
2024-06-14T00:00:00.000Z,6.87,7.25,6.83,7.22,233169,6.87,7.25,6.83,7.22,233169,0.0,1.0
2024-06-17T00:00:00.000Z,7.33,7.3907,6.86,6.88,473696,7.33,7.3907,6.86,6.88,473696,0.0,1.0
2024-06-18T00:00:00.000Z,7.2,7.32,7.0801,7.32,243671,7.2,7.32,7.0801,7.32,243671,0.0,1.0
2024-06-20T00:00:00.000Z,7.03,7.2,6.959,7.2,361324,7.03,7.2,6.959,7.2,361324,0.0,1.0
2024-06-21T00:00:00.000Z,7.11,7.1406,7.0099,7.05,284327,7.11,7.1406,7.0099,7.05,284327,0.0,1.0
2024-06-24T00:00:00.000Z,7.09,7.355,7.09,7.16,345416,7.09,7.355,7.09,7.16,345416,0.0,1.0
2024-06-25T00:00:00.000Z,7.32,7.34,7.06,7.13,929752,7.32,7.34,7.06,7.13,929752,0.0,1.0
2024-06-26T00:00:00.000Z,7.76,7.8101,7.26,7.26,1003507,7.76,7.8101,7.26,7.26,1003507,0.0,1.0
2024-06-27T00:00:00.000Z,7.8,7.8601,7.6499,7.67,245884,7.8,7.8601,7.6499,7.67,245884,0.0,1.0
2024-06-28T00:00:00.000Z,7.82,8.076,7.69,7.91,226647,7.82,8.076,7.69,7.91,226647,0.0,1.0
2024-07-01T00:00:00.000Z,8.41,8.5711,7.98,7.98,937726,8.41,8.5711,7.98,7.98,937726,0.0,1.0
2024-07-02T00:00:00.000Z,9.48,9.49,8.83,8.87,1282882,9.48,9.49,8.83,8.87,1282882,0.0,1.0
2024-07-03T00:00:00.000Z,10.26,10.3512,9.64,9.66,2018139,10.26,10.3512,9.64,9.66,2018139,0.0,1.0
2024-07-05T00:00:00.000Z,10.51,10.55,10.05,10.44,1086370,10.51,10.55,10.05,10.44,1086370,0.0,1.0
2024-07-08T00:00:00.000Z,10.59,10.93,10.18,10.3,888704,10.59,10.93,10.18,10.3,888704,0.0,1.0
2024-07-09T00:00:00.000Z,11.09,11.25,10.47,10.48,635884,11.09,11.25,10.47,10.48,635884,0.0,1.0
2024-07-10T00:00:00.000Z,11.14,11.36,10.86,11.09,635462,11.14,11.36,10.86,11.09,635462,0.0,1.0
2024-07-11T00:00:00.000Z,9.97,11.53,9.9,11.17,2112194,9.97,11.53,9.9,11.17,2112194,0.0,1.0
2024-07-12T00:00:00.000Z,10.33,10.51,9.56,9.68,894373,10.33,10.51,9.56,9.68,894373,0.0,1.0
2024-07-15T00:00:00.000Z,10.58,11.22,10.53,10.74,1685466,10.58,11.22,10.53,10.74,1685466,0.0,1.0
2024-07-16T00:00:00.000Z,10.77,10.87,10.21,10.71,539818,10.77,10.87,10.21,10.71,539818,0.0,1.0
2024-07-17T00:00:00.000Z,10.34,10.85,10.23,10.55,481910,10.34,10.85,10.23,10.55,481910,0.0,1.0
2024-07-18T00:00:00.000Z,10.37,10.77,10.28,10.46,761703,10.37,10.77,10.28,10.46,761703,0.0,1.0
2024-07-19T00:00:00.000Z,9.84,10.36,9.75,10.28,438236,9.84,10.36,9.75,10.28,438236,0.0,1.0
2024-07-22T00:00:00.000Z,10.49,10.5501,10.09,10.1,393690,10.49,10.5501,10.09,10.1,393690,0.0,1.0
2024-07-23T00:00:00.000Z,10.22,10.71,10.2,10.61,443496,10.22,10.71,10.2,10.61,443496,0.0,1.0
2024-07-24T00:00:00.000Z,8.65,9.16,8.58,9.12,1157010,8.65,9.16,8.58,9.12,1157010,0.0,1.0
2024-07-25T00:00:00.000Z,8.86,9.14,8.66,8.66,559812,8.86,9.14,8.66,8.66,559812,0.0,1.0
2024-07-26T00:00:00.000Z,8.84,8.95,8.61,8.91,377054,8.84,8.95,8.61,8.91,377054,0.0,1.0
2024-07-29T00:00:00.000Z,9.45,9.55,9.08,9.09,436962,9.45,9.55,9.08,9.09,436962,0.0,1.0
2024-07-30T00:00:00.000Z,8.97,9.47,8.8401,9.47,466790,8.97,9.47,8.8401,9.47,466790,0.0,1.0
2024-07-31T00:00:00.000Z,9.44,9.56,9.18,9.24,284607,9.44,9.56,9.18,9.24,284607,0.0,1.0
2024-08-01T00:00:00.000Z,8.67,9.41,8.55,9.22,382588,8.67,9.41,8.55,9.22,382588,0.0,1.0
2024-08-02T00:00:00.000Z,8.21,8.62,8.1189,8.55,1154105,8.21,8.62,8.1189,8.55,1154105,0.0,1.0
2024-08-05T00:00:00.000Z,7.76,8.0,6.95,7.09,862866,7.76,8.0,6.95,7.09,862866,0.0,1.0
2024-08-06T00:00:00.000Z,7.84,7.9612,7.48,7.89,345476,7.84,7.9612,7.48,7.89,345476,0.0,1.0
2024-08-07T00:00:00.000Z,7.42,7.99,7.42,7.88,526788,7.42,7.99,7.42,7.88,526788,0.0,1.0
2024-08-08T00:00:00.000Z,7.78,7.855,7.4487,7.61,432719,7.78,7.855,7.4487,7.61,432719,0.0,1.0
2024-08-09T00:00:00.000Z,7.83,7.855,7.59,7.68,294396,7.83,7.855,7.59,7.68,294396,0.0,1.0
2024-08-12T00:00:00.000Z,7.7,7.81,7.57,7.81,441724,7.7,7.81,7.57,7.81,441724,0.0,1.0
2024-08-13T00:00:00.000Z,8.2,8.2399,7.6839,7.71,373687,8.2,8.2399,7.6839,7.71,373687,0.0,1.0
2024-08-14T00:00:00.000Z,7.89,8.22,7.76,8.21,408816,7.89,8.22,7.76,8.21,408816,0.0,1.0
2024-08-15T00:00:00.000Z,8.51,8.59,8.07,8.07,528070,8.51,8.59,8.07,8.07,528070,0.0,1.0
2024-08-16T00:00:00.000Z,8.61,8.7713,8.35,8.36,422411,8.61,8.7713,8.35,8.36,422411,0.0,1.0
2024-08-19T00:00:00.000Z,8.93,8.935,8.51,8.64,357733,8.93,8.935,8.51,8.64,357733,0.0,1.0
2024-08-20T00:00:00.000Z,8.84,9.18,8.7799,9.02,357826,8.84,9.18,8.7799,9.02,357826,0.0,1.0
2024-08-21T00:00:00.000Z,8.97,9.0117,8.74,8.93,394287,8.97,9.0117,8.74,8.93,394287,0.0,1.0
2024-08-22T00:00:00.000Z,8.32,9.03,8.31,9.0,402280,8.32,9.03,8.31,9.0,402280,0.0,1.0
2024-08-23T00:00:00.000Z,8.8,8.85,8.51,8.52,455869,8.8,8.85,8.51,8.52,455869,0.0,1.0
2024-08-26T00:00:00.000Z,8.44,8.71,8.335,8.7,453792,8.44,8.71,8.335,8.7,453792,0.0,1.0
2024-08-27T00:00:00.000Z,8.25,8.55,8.145,8.45,657485,8.25,8.55,8.145,8.45,657485,0.0,1.0
2024-08-28T00:00:00.000Z,8.07,8.37,7.93,8.28,722205,8.07,8.37,7.93,8.28,722205,0.0,1.0
2024-08-29T00:00:00.000Z,8.11,8.515,8.09,8.28,479980,8.11,8.515,8.09,8.28,479980,0.0,1.0
2024-08-30T00:00:00.000Z,8.47,8.495,8.14,8.23,511452,8.47,8.495,8.14,8.23,511452,0.0,1.0
2024-09-03T00:00:00.000Z,8.31,8.76,8.275,8.52,715029,8.31,8.76,8.275,8.52,715029,0.0,1.0
2024-09-04T00:00:00.000Z,8.75,8.87,8.3,8.3,539713,8.75,8.87,8.3,8.3,539713,0.0,1.0
2024-09-05T00:00:00.000Z,9.27,9.51,8.9,8.94,539580,9.27,9.51,8.9,8.94,539580,0.0,1.0
2024-09-06T00:00:00.000Z,8.29,9.44,8.28,9.41,529554,8.29,9.44,8.28,9.41,529554,0.0,1.0
2024-09-09T00:00:00.000Z,8.57,8.735,8.44,8.57,365846,8.57,8.735,8.44,8.57,365846,0.0,1.0
2024-09-10T00:00:00.000Z,9.05,9.07,8.695,8.76,487384,9.05,9.07,8.695,8.76,487384,0.0,1.0
2024-09-11T00:00:00.000Z,9.15,9.17,8.595,8.96,555017,9.15,9.17,8.595,8.96,555017,0.0,1.0
2024-09-12T00:00:00.000Z,9.24,9.2901,8.95,9.0,489424,9.24,9.2901,8.95,9.0,489424,0.0,1.0
2024-09-13T00:00:00.000Z,9.25,9.375,9.07,9.15,351061,9.25,9.375,9.07,9.15,351061,0.0,1.0
2024-09-16T00:00:00.000Z,9.09,9.235,8.92,9.22,114478,9.09,9.235,8.92,9.22,114478,0.0,1.0
2024-09-17T00:00:00.000Z,9.14,9.47,9.0799,9.22,196729,9.14,9.47,9.0799,9.22,196729,0.0,1.0
2024-09-18T00:00:00.000Z,9.11,9.52,9.1,9.3,291657,9.11,9.52,9.1,9.3,291657,0.0,1.0
2024-09-19T00:00:00.000Z,9.94,9.95,9.36,9.43,347395,9.94,9.95,9.36,9.43,347395,0.0,1.0
2024-09-20T00:00:00.000Z,9.64,9.93,9.54,9.82,177901,9.64,9.93,9.54,9.82,177901,0.0,1.0
2024-09-23T00:00:00.000Z,10.24,10.24,9.84,9.87,358919,10.24,10.24,9.84,9.87,358919,0.0,1.0
2024-09-24T00:00:00.000Z,10.48,10.6,10.21,10.45,431368,10.48,10.6,10.21,10.45,431368,0.0,1.0
2024-09-25T00:00:00.000Z,10.61,10.61,10.37,10.37,144200,10.61,10.61,10.37,10.37,144200,0.0,1.0
2024-09-26T00:00:00.000Z,10.46,10.838787,10.32,10.8,224930,10.46,10.838787,10.32,10.8,224930,0.0,1.0
2024-09-27T00:00:00.000Z,10.78,10.78,10.46,10.59,153176,10.78,10.78,10.46,10.59,153176,0.0,1.0
2024-09-30T00:00:00.000Z,10.84,10.98,10.54,10.7,173778,10.84,10.98,10.54,10.7,173778,0.0,1.0
2024-10-01T00:00:00.000Z,10.63,10.94,10.17,10.89,255342,10.63,10.94,10.17,10.89,255342,0.0,1.0
2024-10-02T00:00:00.000Z,10.19,10.28,9.81,10.12,268636,10.19,10.28,9.81,10.12,268636,0.0,1.0
2024-10-03T00:00:00.000Z,9.77,10.21,9.62,9.98,207056,9.77,10.21,9.62,9.98,207056,0.0,1.0
2024-10-04T00:00:00.000Z,10.21,10.26,9.95,10.04,134647,10.21,10.26,9.95,10.04,134647,0.0,1.0
2024-10-07T00:00:00.000Z,9.77,10.19,9.755,10.19,129464,9.77,10.19,9.755,10.19,129464,0.0,1.0
2024-10-08T00:00:00.000Z,9.95,10.0,9.75,9.9,149582,9.95,10.0,9.75,9.9,149582,0.0,1.0
2024-10-09T00:00:00.000Z,9.75,10.08,9.71,9.89,148254,9.75,10.08,9.71,9.89,148254,0.0,1.0
2024-10-10T00:00:00.000Z,9.66,9.84,9.33,9.81,343079,9.66,9.84,9.33,9.81,343079,0.0,1.0
2024-10-11T00:00:00.000Z,8.59,8.855,8.425,8.68,559928,8.59,8.855,8.425,8.68,559928,0.0,1.0
2024-10-14T00:00:00.000Z,8.66,8.78,8.39,8.71,237617,8.66,8.78,8.39,8.71,237617,0.0,1.0
2024-10-15T00:00:00.000Z,8.68,8.89,8.555,8.71,254936,8.68,8.89,8.555,8.71,254936,0.0,1.0
2024-10-16T00:00:00.000Z,8.77,8.83,8.65,8.78,170974,8.77,8.83,8.65,8.78,170974,0.0,1.0
2024-10-17T00:00:00.000Z,8.74,8.8,8.6,8.8,175569,8.74,8.8,8.6,8.8,175569,0.0,1.0
2024-10-18T00:00:00.000Z,8.73,8.795,8.66,8.71,167036,8.73,8.795,8.66,8.71,167036,0.0,1.0
2024-10-21T00:00:00.000Z,8.64,8.69,8.49,8.66,160240,8.64,8.69,8.49,8.66,160240,0.0,1.0
2024-10-22T00:00:00.000Z,8.6,8.61,8.455,8.52,178463,8.6,8.61,8.455,8.52,178463,0.0,1.0
2024-10-23T00:00:00.000Z,8.42,8.62,8.3035,8.55,256419,8.42,8.62,8.3035,8.55,256419,0.0,1.0
2024-10-24T00:00:00.000Z,10.69,10.745,9.79,9.91,809756,10.69,10.745,9.79,9.91,809756,0.0,1.0
2024-10-25T00:00:00.000Z,11.11,11.14,10.4,10.41,727887,11.11,11.14,10.4,10.41,727887,0.0,1.0
2024-10-28T00:00:00.000Z,10.78,11.33,10.76,11.13,455569,10.78,11.33,10.76,11.13,455569,0.0,1.0
2024-10-29T00:00:00.000Z,10.63,10.87,10.42,10.8,209386,10.63,10.87,10.42,10.8,209386,0.0,1.0
2024-10-30T00:00:00.000Z,10.52,10.805,10.455,10.57,321096,10.52,10.805,10.455,10.57,321096,0.0,1.0
2024-10-31T00:00:00.000Z,10.12,10.63,10.0999,10.56,287093,10.12,10.63,10.0999,10.56,287093,0.0,1.0
2024-11-01T00:00:00.000Z,10.08,10.31,9.94,10.2,376433,10.08,10.31,9.94,10.2,376433,0.0,1.0
2024-11-04T00:00:00.000Z,9.77,10.065,9.57,9.84,755562,9.77,10.065,9.57,9.84,755562,0.0,1.0
2024-11-05T00:00:00.000Z,10.2,10.38,9.94,9.97,386068,10.2,10.38,9.94,9.97,386068,0.0,1.0
2024-11-06T00:00:00.000Z,12.07,12.14,11.43,11.89,1205552,12.07,12.14,11.43,11.89,1205552,0.0,1.0
2024-11-07T00:00:00.000Z,12.51,12.655,11.92,12.08,618847,12.51,12.655,11.92,12.08,618847,0.0,1.0
2024-11-08T00:00:00.000Z,13.79,14.1579,12.55,12.63,1212799,13.79,14.1579,12.55,12.63,1212799,0.0,1.0
2024-11-11T00:00:00.000Z,15.34,15.7731,14.5801,15.1,721719,15.34,15.7731,14.5801,15.1,721719,0.0,1.0
2024-11-12T00:00:00.000Z,14.15,15.0603,13.88,14.94,948300,14.15,15.0603,13.88,14.94,948300,0.0,1.0
2024-11-13T00:00:00.000Z,14.27,14.99,13.835,14.63,642939,14.27,14.99,13.835,14.63,642939,0.0,1.0
2024-11-14T00:00:00.000Z,13.23,14.22,13.18,14.09,519639,13.23,14.22,13.18,14.09,519639,0.0,1.0
2024-11-15T00:00:00.000Z,13.74,13.91,13.15,13.16,724455,13.74,13.91,13.15,13.16,724455,0.0,1.0
2024-11-18T00:00:00.000Z,14.69,15.2,14.215,14.77,847113,14.69,15.2,14.215,14.77,847113,0.0,1.0
2024-11-19T00:00:00.000Z,15.06,15.13,14.38,14.47,335177,15.06,15.13,14.38,14.47,335177,0.0,1.0
2024-11-20T00:00:00.000Z,14.84,15.06,14.45,15.06,261595,14.84,15.06,14.45,15.06,261595,0.0,1.0
2024-11-21T00:00:00.000Z,14.71,15.15,14.5,14.93,266249,14.71,15.15,14.5,14.93,266249,0.0,1.0
2024-11-22T00:00:00.000Z,15.41,15.6301,14.63,14.82,477847,15.41,15.6301,14.63,14.82,477847,0.0,1.0
2024-11-25T00:00:00.000Z,14.67,15.89,14.65,15.85,616582,14.67,15.89,14.65,15.85,616582,0.0,1.0
2024-11-26T00:00:00.000Z,14.61,15.11,14.5,14.78,345626,14.61,15.11,14.5,14.78,345626,0.0,1.0
2024-11-27T00:00:00.000Z,14.34,14.84,14.01,14.84,242674,14.34,14.84,14.01,14.84,242674,0.0,1.0
2024-11-29T00:00:00.000Z,15.01,15.01,14.51,14.55,129399,15.01,15.01,14.51,14.55,129399,0.0,1.0
2024-12-02T00:00:00.000Z,15.66,15.795,15.33,15.38,977239,15.66,15.795,15.33,15.38,977239,0.0,1.0
2024-12-03T00:00:00.000Z,15.32,15.54,15.165,15.37,134823,15.32,15.54,15.165,15.37,134823,0.0,1.0
2024-12-04T00:00:00.000Z,15.68,15.7,15.18,15.44,157133,15.68,15.7,15.18,15.44,157133,0.0,1.0
2024-12-05T00:00:00.000Z,16.3,16.63,15.77,15.77,303606,16.3,16.63,15.77,15.77,303606,0.0,1.0
2024-12-06T00:00:00.000Z,17.4,17.4,16.4,16.72,263668,17.4,17.4,16.4,16.72,263668,0.0,1.0
2024-12-09T00:00:00.000Z,17.45,18.27,16.79,17.89,377859,17.45,18.27,16.79,17.89,377859,0.0,1.0
2024-12-10T00:00:00.000Z,18.04,18.54,17.5,17.63,384579,18.04,18.54,17.5,17.63,384579,0.0,1.0
2024-12-11T00:00:00.000Z,19.38,19.39,18.16,18.53,274245,19.38,19.39,18.16,18.53,274245,0.0,1.0
2024-12-12T00:00:00.000Z,19.01,19.64,18.865,19.41,272725,19.01,19.64,18.865,19.41,272725,0.0,1.0
2024-12-13T00:00:00.000Z,20.05,20.05,18.89,19.14,290908,20.05,20.05,18.89,19.14,290908,0.0,1.0
2024-12-16T00:00:00.000Z,21.58,21.58,20.05,20.33,354771,21.58,21.58,20.05,20.33,354771,0.0,1.0
2024-12-17T00:00:00.000Z,22.56,22.7425,21.26,22.3,662710,22.56,22.7425,21.26,22.3,662710,0.0,1.0
2024-12-18T00:00:00.000Z,20.14,23.03,19.47,21.72,637199,20.14,23.03,19.47,21.72,637199,0.0,1.0
2024-12-19T00:00:00.000Z,20.02,21.1,19.07,20.91,770588,20.02,21.1,19.07,20.91,770588,0.0,1.0
2024-12-20T00:00:00.000Z,19.1,20.58,18.97,19.32,956232,19.1,20.58,18.97,19.32,956232,0.0,1.0
2024-12-23T00:00:00.000Z,19.69,19.83,18.88,19.72,207387,19.69,19.83,18.88,19.72,207387,0.0,1.0
2024-12-24T00:00:00.000Z,21.47,21.47,19.91,19.98,189967,21.47,21.47,19.91,19.98,189967,0.0,1.0
2024-12-26T00:00:00.000Z,20.99,21.6,20.8193,21.6,251575,20.99,21.6,20.8193,21.6,251575,0.0,1.0
2024-12-27T00:00:00.000Z,19.67,20.68,19.38,20.64,342672,19.67,20.68,19.38,20.64,342672,0.0,1.0
2024-12-30T00:00:00.000Z,18.87,19.398,18.795,18.96,147543,18.87,19.398,18.795,18.96,147543,0.0,1.0
2024-12-31T00:00:00.000Z,18.07,19.4,18.07,19.23,173061,18.07,19.4,18.07,19.23,173061,0.0,1.0
2025-01-02T00:00:00.000Z,16.69,17.44,16.4,17.34,374273,16.69,17.44,16.4,17.34,374273,0.0,1.0
2025-01-03T00:00:00.000Z,18.41,18.49,16.74,16.86,395587,18.41,18.49,16.74,16.86,395587,0.0,1.0
2025-01-06T00:00:00.000Z,18.45,19.2364,17.98,19.1,308969,18.45,19.2364,17.98,19.1,308969,0.0,1.0
2025-01-07T00:00:00.000Z,17.52,18.639,17.2824,18.16,149484,17.52,18.639,17.2824,18.16,149484,0.0,1.0
2025-01-08T00:00:00.000Z,17.53,17.92,17.15,17.42,181987,17.53,17.92,17.15,17.42,181987,0.0,1.0
2025-01-10T00:00:00.000Z,17.52,17.7403,16.97,17.34,239895,17.52,17.7403,16.97,17.34,239895,0.0,1.0
2025-01-13T00:00:00.000Z,18.0,18.0,16.73,16.87,223525,18.0,18.0,16.73,16.87,223525,0.0,1.0
2025-01-14T00:00:00.000Z,17.64,19.0423,17.58,18.65,164978,17.64,19.0423,17.58,18.65,164978,0.0,1.0
2025-01-15T00:00:00.000Z,19.38,19.465,18.1702,18.4,159583,19.38,19.465,18.1702,18.4,159583,0.0,1.0
2025-01-16T00:00:00.000Z,18.58,19.08,18.3468,19.08,106544,18.58,19.08,18.3468,19.08,106544,0.0,1.0
2025-01-17T00:00:00.000Z,19.27,20.0,19.0,19.01,311725,19.27,20.0,19.0,19.01,311725,0.0,1.0
2025-01-21T00:00:00.000Z,19.17,19.62,18.18,19.61,215715,19.17,19.62,18.18,19.61,215715,0.0,1.0
2025-01-22T00:00:00.000Z,18.65,19.35,18.61,18.71,104134,18.65,19.35,18.61,18.71,104134,0.0,1.0
2025-01-23T00:00:00.000Z,18.46,18.93,18.3,18.65,164567,18.46,18.93,18.3,18.65,164567,0.0,1.0
2025-01-24T00:00:00.000Z,18.16,18.78,18.12,18.62,222302,18.16,18.78,18.12,18.62,222302,0.0,1.0
2025-01-27T00:00:00.000Z,17.64,18.12,17.18,17.5,405027,17.64,18.12,17.18,17.5,405027,0.0,1.0
2025-01-28T00:00:00.000Z,17.67,17.802,17.06,17.56,95996,17.67,17.802,17.06,17.56,95996,0.0,1.0
2025-01-29T00:00:00.000Z,17.15,17.59,16.97,17.49,380784,17.15,17.59,16.97,17.49,380784,0.0,1.0
2025-01-30T00:00:00.000Z,17.77,18.44,16.94,18.38,341585,17.77,18.44,16.94,18.38,341585,0.0,1.0
2025-01-31T00:00:00.000Z,18.0,18.8599,17.81,17.81,270314,18.0,18.8599,17.81,17.81,270314,0.0,1.0
2025-02-03T00:00:00.000Z,16.87,17.15,16.3599,17.0,272660,16.87,17.15,16.3599,17.0,272660,0.0,1.0
2025-02-04T00:00:00.000Z,17.34,17.415,16.7701,16.83,209905,17.34,17.415,16.7701,16.83,209905,0.0,1.0
2025-02-05T00:00:00.000Z,16.55,17.04,16.42,17.03,219412,16.55,17.04,16.42,17.03,219412,0.0,1.0
2025-02-06T00:00:00.000Z,16.32,16.32,15.7499,16.29,245837,16.32,16.32,15.7499,16.29,245837,0.0,1.0
2025-02-07T00:00:00.000Z,15.64,16.66,15.58,16.09,215917,15.64,16.66,15.58,16.09,215917,0.0,1.0
2025-02-10T00:00:00.000Z,15.05,15.6801,15.03,15.36,178330,15.05,15.6801,15.03,15.36,178330,0.0,1.0
2025-02-11T00:00:00.000Z,13.87,14.97,13.68,14.72,577221,13.87,14.97,13.68,14.72,577221,0.0,1.0
2025-02-12T00:00:00.000Z,14.28,14.7799,13.9,13.95,347767,14.28,14.7799,13.9,13.95,347767,0.0,1.0
2025-02-13T00:00:00.000Z,15.31,15.4183,14.63,14.77,263759,15.31,15.4183,14.63,14.77,263759,0.0,1.0
2025-02-14T00:00:00.000Z,15.29,15.59,14.855,15.59,387779,15.29,15.59,14.855,15.59,387779,0.0,1.0
2025-02-18T00:00:00.000Z,15.18,15.4496,14.98,15.27,375076,15.18,15.4496,14.98,15.27,375076,0.0,1.0
2025-02-19T00:00:00.000Z,15.55,15.9,15.2408,15.2408,247712,15.55,15.9,15.2408,15.2408,247712,0.0,1.0
2025-02-20T00:00:00.000Z,15.21,15.6,14.86,15.6,305931,15.21,15.6,14.86,15.6,305931,0.0,1.0
2025-02-21T00:00:00.000Z,14.29,15.19,14.1202,15.17,166858,14.29,15.19,14.1202,15.17,166858,0.0,1.0
2025-02-24T00:00:00.000Z,13.9,14.54,13.62,14.33,303846,13.9,14.54,13.62,14.33,303846,0.0,1.0
2025-02-25T00:00:00.000Z,12.46,13.65,12.1967,13.65,273840,12.46,13.65,12.1967,13.65,273840,0.0,1.0
2025-02-26T00:00:00.000Z,11.83,12.76,11.71,12.52,278644,11.83,12.76,11.71,12.52,278644,0.0,1.0
2025-02-27T00:00:00.000Z,11.38,12.12,11.36,11.85,451771,11.38,12.12,11.36,11.85,451771,0.0,1.0
2025-02-28T00:00:00.000Z,11.96,11.97,10.98,11.27,511083,11.96,11.97,10.98,11.27,511083,0.0,1.0
2025-03-03T00:00:00.000Z,11.53,12.5,11.18,12.31,717122,11.53,12.5,11.18,12.31,717122,0.0,1.0
2025-03-04T00:00:00.000Z,10.89,11.49,10.385,10.83,595883,10.89,11.49,10.385,10.83,595883,0.0,1.0
2025-03-05T00:00:00.000Z,11.23,11.25,10.691,10.91,299131,11.23,11.25,10.691,10.91,299131,0.0,1.0
2025-03-06T00:00:00.000Z,10.46,10.9,10.272,10.83,228543,10.46,10.9,10.272,10.83,228543,0.0,1.0
2025-03-07T00:00:00.000Z,10.4,10.55,9.815,10.3,322979,10.4,10.55,9.815,10.3,322979,0.0,1.0
2025-03-10T00:00:00.000Z,8.39,9.935,8.31,9.91,1310538,8.39,9.935,8.31,9.91,1310538,0.0,1.0
2025-03-11T00:00:00.000Z,8.8,9.0899,8.22,8.55,785573,8.8,9.0899,8.22,8.55,785573,0.0,1.0
2025-03-12T00:00:00.000Z,9.64,9.79,9.3,9.56,1105496,9.64,9.79,9.3,9.56,1105496,0.0,1.0
2025-03-13T00:00:00.000Z,9.28,9.64,8.93,9.64,1066606,9.28,9.64,8.93,9.64,1066606,0.0,1.0
